Factors,BMI_0,Rank_BMI_0,BMI_1,Rank_BMI_1,cosine difference
AC_ACCESS_1,0.8663708567619324,8,0.7793958783149719,21,0.08697497844696045
AC_ACCESS_2,0.5587844848632812,213,0.5205892324447632,253,0.038195252418518066
AC_ACCESS_3,0.4417928457260132,454,0.4260144829750061,448,0.01577836275100708
AC_ACCESS_4,0.4213652014732361,498,0.38871875405311584,527,0.03264644742012024
AC_ACCESS_5,0.40500766038894653,538,0.3944171071052551,515,0.010590553283691406
AC_AMNT_0,0.869173526763916,6,0.7818387746810913,19,0.08733475208282471
AC_AMNT_1,0.43933406472206116,460,0.5149044990539551,262,0.07557043433189392
AC_AMNT_2,0.4081057906150818,530,0.4684509038925171,355,0.0603451132774353
AC_AMNT_3,0.407647967338562,531,0.43638765811920166,424,0.02873969078063965
AC_AMNT_4,0.4068479537963867,532,0.3976579010486603,506,0.00919005274772644
AC_AMNT_5,0.4042317569255829,540,0.3753834366798401,551,0.028848320245742798
AC_DAYS_0,0.6935569047927856,109,0.6088460087776184,139,0.08471089601516724
AC_DAYS_1,0.6490595936775208,143,0.6881422400474548,71,0.03908264636993408
AC_DAYS_2,0.4443942904472351,447,0.5221079587936401,251,0.07771366834640503
AC_DAYS_3,0.4256841540336609,488,0.49514132738113403,290,0.06945717334747314
AC_DAYS_4,0.4407878816127777,457,0.4594956636428833,377,0.01870778203010559
AC_DAYS_5,0.4652748107910156,398,0.463896244764328,366,0.001378566026687622
AC_DAYS_6,0.45764538645744324,411,0.37303149700164795,555,0.08461388945579529
AC_DAYS_7,0.3579649329185486,617,0.2645461857318878,660,0.09341874718666077
AC_DRUNK_0,0.8594967126846313,9,0.7618120908737183,32,0.09768462181091309
AC_DRUNK_1,0.40222781896591187,543,0.485283225774765,312,0.08305540680885315
AC_DRUNK_2,0.371732234954834,596,0.388680100440979,528,0.01694786548614502
AC_DRUNK_3,0.3812867999076843,588,0.31500086188316345,623,0.06628593802452087
AC_DRUNK_4,0.29262053966522217,654,0.2628211975097656,663,0.029799342155456543
AC_FAGE_1,0.5934160351753235,177,0.6022940278053284,150,0.008877992630004883
AC_FAGE_10,0.5290340185165405,264,0.5250299572944641,243,0.004004061222076416
AC_FAGE_11,0.5093003511428833,313,0.4834801256656647,315,0.025820225477218628
AC_FAGE_12,0.39188504219055176,565,0.447451651096344,406,0.055566608905792236
AC_FAGE_13,0.4058504104614258,536,0.4427238404750824,413,0.036873430013656616
AC_FAGE_14,0.7087846398353577,94,0.6215108633041382,131,0.08727377653121948
AC_FAGE_2,0.4504115879535675,429,0.4934172034263611,293,0.04300561547279358
AC_FAGE_3,0.5168667435646057,291,0.5485921502113342,207,0.031725406646728516
AC_FAGE_4,0.5019311904907227,322,0.6029257774353027,148,0.10099458694458008
AC_FAGE_5,0.5349132418632507,250,0.6366982460021973,117,0.10178500413894653
AC_FAGE_6,0.6042435765266418,168,0.6148593425750732,136,0.010615766048431396
AC_FAGE_7,0.6038274765014648,169,0.6471461057662964,102,0.04331862926483154
AC_FAGE_8,0.5921432971954346,179,0.6423054933547974,112,0.05016219615936279
AC_FAGE_9,0.530829131603241,259,0.5328972935676575,226,0.002068161964416504
AC_LT_1,0.745547890663147,73,0.6427544355392456,110,0.10279345512390137
AC_LT_2,0.5124683380126953,304,0.5871877670288086,165,0.07471942901611328
AGE_12,0.5114520788192749,305,0.44248032569885254,414,0.06897175312042236
AGE_13,0.515275239944458,297,0.46829187870025635,356,0.04698336124420166
AGE_14,0.5093461275100708,312,0.5075428485870361,273,0.001803278923034668
AGE_15,0.485679566860199,361,0.4362073242664337,425,0.04947224259376526
AGE_16,0.3633143901824951,605,0.39124244451522827,523,0.027928054332733154
AGE_17,0.38884615898132324,575,0.42136621475219727,460,0.03252005577087402
AGE_18,0.4240250289440155,493,0.469163179397583,354,0.045138150453567505
AS_DG_LT_1,0.7862023115158081,52,0.674557626247406,78,0.1116446852684021
AS_DG_LT_2,0.49032771587371826,345,0.5371361374855042,220,0.04680842161178589
AS_DG_YR_0,0.6612832546234131,135,0.5646961331367493,186,0.09658712148666382
AS_DG_YR_1,0.4427195191383362,450,0.4807593822479248,323,0.03803986310958862
AS_DG_YR_2,0.37957680225372314,592,0.4517495036125183,395,0.07217270135879517
A_FM_1,0.4454649090766907,441,0.47668808698654175,336,0.031223177909851074
A_FM_2,0.3914026618003845,566,0.3719288110733032,557,0.0194738507270813
DR_EXP_1,0.761978805065155,64,0.7139338254928589,60,0.04804497957229614
DR_EXP_2,0.40645167231559753,534,0.40213820338249207,498,0.004313468933105469
DR_LT_0,0.787882924079895,51,0.7158164978027344,57,0.07206642627716064
DR_LT_1,0.43825894594192505,462,0.4178527593612671,468,0.02040618658065796
DR_LT_2,0.15533915162086487,709,0.11443909257650375,721,0.040900059044361115
DR_LT_3,0.11744904518127441,721,0.10925240069627762,723,0.008196644484996796
ECZ_DG_LT_1,0.6063454151153564,165,0.5408690571784973,215,0.06547635793685913
ECZ_DG_LT_2,0.46568480134010315,395,0.4433090090751648,410,0.022375792264938354
ECZ_DG_YR_1,0.5751727223396301,192,0.5062103271484375,274,0.06896239519119263
ECZ_DG_YR_2,0.47144484519958496,385,0.46245360374450684,369,0.008991241455078125
ECZ_DG_YR_9999,0.46954667568206787,389,0.41494303941726685,475,0.054603636264801025
E_BORN_F_1,0.06294268369674683,724,0.09929190576076508,725,0.03634922206401825
E_BORN_F_10,0.060607776045799255,725,0.18408027291297913,694,0.12347249686717987
E_BORN_F_11,0.31247472763061523,646,0.2873780131340027,649,0.02509671449661255
E_BORN_F_13,0.14838166534900665,714,0.14735348522663116,711,0.0010281801223754883
E_BORN_F_2,0.12055648863315582,720,0.19259119033813477,688,0.07203470170497894
E_BORN_F_3,0.16359791159629822,707,0.1704973429441452,701,0.006899431347846985
E_BORN_F_6,0.07913250476121902,723,0.1704624593257904,702,0.09132995456457138
E_BORN_F_8,0.13130471110343933,719,0.17690077424049377,699,0.04559606313705444
E_BORN_F_8888,0.19969534873962402,695,0.18026183545589447,696,0.019433513283729553
E_BORN_F_9999,0.21336157619953156,692,0.20973461866378784,681,0.0036269575357437134
E_BORN_M_1,0.2723654806613922,663,0.27077940106391907,658,0.0015860795974731445
E_BORN_M_10,0.22617599368095398,689,0.2179437279701233,678,0.008232265710830688
E_BORN_M_11,0.15293651819229126,710,0.11088912934064865,722,0.04204738885164261
E_BORN_M_12,0.2505425810813904,676,0.24417871236801147,674,0.006363868713378906
E_BORN_M_13,0.15230797231197357,711,0.1820269674062729,695,0.029718995094299316
E_BORN_M_2,0.1555946320295334,708,0.20471006631851196,684,0.04911543428897858
E_BORN_M_3,0.08353133499622345,722,0.16126853227615356,706,0.07773719727993011
E_BORN_M_4,0.23143498599529266,686,0.2576916217803955,668,0.026256635785102844
E_BORN_M_5,0.23005515336990356,687,0.21576499938964844,679,0.014290153980255127
E_BORN_M_6,0.3174707889556885,643,0.3097003102302551,631,0.00777047872543335
E_BORN_M_7,0.2906225919723511,656,0.31682270765304565,618,0.02620011568069458
E_BORN_M_8,0.1401938796043396,717,0.1858815848827362,693,0.045687705278396606
E_BORN_M_8888,0.13341030478477478,718,0.10275347530841827,724,0.030656829476356506
E_BORN_M_9,0.1662081778049469,705,0.15563136339187622,708,0.010576814413070679
E_BORN_M_9999,0.14351767301559448,715,0.14388325810432434,712,0.0003655850887298584
E_EDU_F_1,0.366469144821167,600,0.4360452890396118,426,0.06957614421844482
E_EDU_F_2,0.31133830547332764,648,0.3165978193283081,619,0.005259513854980469
E_EDU_F_3,0.2684057950973511,667,0.28363579511642456,653,0.015230000019073486
E_EDU_F_4,0.33066725730895996,635,0.35962963104248047,577,0.028962373733520508
E_EDU_F_8888,0.21940851211547852,690,0.1931651532649994,687,0.026243358850479126
E_EDU_F_9999,0.28904908895492554,659,0.3208581805229187,611,0.031809091567993164
E_EDU_M_1,0.3493468165397644,624,0.403954416513443,496,0.05460759997367859
E_EDU_M_2,0.23933888971805573,680,0.2480938583612442,672,0.008754968643188477
E_EDU_M_3,0.2016771137714386,694,0.209235280752182,682,0.007558166980743408
E_EDU_M_4,0.28996986150741577,657,0.30393701791763306,636,0.013967156410217285
E_EDU_M_8888,0.1890108287334442,699,0.16175222396850586,705,0.027258604764938354
E_EDU_M_9999,0.26984360814094543,665,0.3136196434497833,625,0.04377603530883789
E_FM_F_1_1,0.42202553153038025,496,0.432559072971344,434,0.010533541440963745
E_FM_F_1_8888,0.42553454637527466,489,0.3764686584472656,546,0.04906588792800903
E_FM_F_1_9999,0.3443675637245178,630,0.3672240972518921,565,0.022856533527374268
E_FM_GF_5_5,0.42208749055862427,495,0.43489670753479004,427,0.012809216976165771
E_FM_GF_5_8888,0.38130277395248413,587,0.34173113107681274,592,0.03957164287567139
E_FM_GF_5_9999,0.40160906314849854,546,0.4114174246788025,486,0.009808361530303955
E_FM_GM_6_6,0.4029426574707031,542,0.4293157458305359,445,0.026373088359832764
E_FM_GM_6_8888,0.3798210620880127,591,0.31902647018432617,615,0.06079459190368652
E_FM_GM_6_9999,0.4144420027732849,520,0.41435375809669495,477,8.824467658996582e-05
E_FM_M_3_3,0.41908514499664307,505,0.4367029666900635,423,0.01761782169342041
E_FM_M_3_8888,0.38776493072509766,577,0.3371676802635193,597,0.05059725046157837
E_FM_M_3_9999,0.32137441635131836,639,0.3587101697921753,579,0.037335753440856934
E_FM_NO_9_8888,0.31984785199165344,641,0.27381980419158936,656,0.04602804780006409
E_FM_NO_9_9,0.18922355771064758,698,0.11982296407222748,718,0.0694005936384201
E_FM_NO_9_9999,0.3849497437477112,581,0.4200819730758667,461,0.03513222932815552
E_FM_OBS_7_7,0.4140907824039459,522,0.42489349842071533,452,0.01080271601676941
E_FM_OBS_7_8888,0.35173022747039795,621,0.312499463558197,627,0.03923076391220093
E_FM_OBS_7_9999,0.3851684033870697,579,0.4303927421569824,441,0.04522433876991272
E_FM_SF_2_2,0.36690759658813477,599,0.41009044647216797,487,0.0431828498840332
E_FM_SF_2_8888,0.3869088888168335,578,0.3445296585559845,588,0.042379230260849
E_FM_SF_2_9999,0.44148868322372437,456,0.4585081934928894,380,0.01701951026916504
E_FM_SM_4_4,0.36107170581817627,612,0.3847878575325012,531,0.02371615171432495
E_FM_SM_4_8888,0.38084280490875244,589,0.3303215205669403,607,0.050521284341812134
E_FM_SM_4_9999,0.43508943915367126,474,0.4503241181373596,398,0.015234678983688354
E_FM_YBS_8_8,0.41829580068588257,506,0.43351876735687256,432,0.01522296667098999
E_FM_YBS_8_8888,0.348206102848053,627,0.3163294196128845,620,0.03187668323516846
E_FM_YBS_8_9999,0.4042104184627533,541,0.4239235520362854,455,0.019713133573532104
E_KRN_F_1,0.23392333090305328,685,0.2428676038980484,675,0.008944272994995117
E_KRN_F_2,0.21763595938682556,691,0.2906748950481415,646,0.07303893566131592
E_KRN_F_8888,0.20973630249500275,693,0.1794796884059906,697,0.030256614089012146
E_KRN_F_9999,0.26085537672042847,670,0.29843753576278687,640,0.0375821590423584
E_KRN_M_1,0.1742510050535202,703,0.1731962263584137,700,0.0010547786951065063
E_KRN_M_2,0.3289891183376312,636,0.3632548451423645,573,0.034265726804733276
E_KRN_M_8888,0.16563183069229126,706,0.13591286540031433,715,0.02971896529197693
E_KRN_M_9999,0.24594390392303467,677,0.29385384917259216,645,0.047909945249557495
E_LT_F_1,0.3650326132774353,603,0.38282310962677,536,0.017790496349334717
E_LT_F_2,0.35847219824790955,616,0.3979111611843109,504,0.03943896293640137
E_LT_F_8888,0.31155580282211304,647,0.2643778324127197,661,0.04717797040939331
E_LT_F_9999,0.3106246590614319,649,0.33297955989837646,604,0.02235490083694458
E_LT_M_1,0.3200426399707794,640,0.32037752866744995,613,0.0003348886966705322
E_LT_M_2,0.35863155126571655,615,0.40588611364364624,493,0.04725456237792969
E_LT_M_8888,0.25962114334106445,671,0.20708534121513367,683,0.052535802125930786
E_LT_M_9999,0.29520612955093384,652,0.3337404131889343,600,0.03853428363800049
E_LT_SF_1,0.3395942449569702,632,0.3929043412208557,518,0.0533100962638855
E_LT_SF_2,0.31833237409591675,642,0.3544413447380066,581,0.036108970642089844
E_LT_SF_8888,0.26976683735847473,666,0.22809451818466187,677,0.041672319173812866
E_LT_SF_9999,0.36182793974876404,608,0.36520761251449585,570,0.0033796727657318115
E_LT_SM_1,0.3155781626701355,645,0.25401338934898376,670,0.06156477332115173
E_LT_SM_2,0.2664453685283661,669,0.330779105424881,606,0.06433373689651489
E_LT_SM_8888,0.24320007860660553,678,0.18983137607574463,689,0.0533687025308609
E_LT_SM_9999,0.28936442732810974,658,0.31197232007980347,629,0.022607892751693726
E_RES_1,0.7000503540039062,103,0.6474554538726807,101,0.052594900131225586
E_RES_2,0.3999039828777313,551,0.38038310408592224,538,0.019520878791809082
E_RES_3,0.36629754304885864,601,0.3335418403148651,602,0.03275570273399353
E_RES_4,0.3840138614177704,583,0.3963787257671356,513,0.012364864349365234
E_RES_5,0.3828905522823334,585,0.2535456120967865,671,0.12934494018554688
E_SES_1,0.5410759449005127,237,0.4586673974990845,378,0.08240854740142822
E_SES_2,0.49707356095314026,329,0.4774925112724304,332,0.01958104968070984
E_SES_3,0.48252901434898376,368,0.48378005623817444,313,0.0012510418891906738
E_SES_4,0.43338659405708313,478,0.45543065667152405,385,0.022044062614440918
E_SES_5,0.36126261949539185,611,0.43433713912963867,428,0.07307451963424683
E_S_RCRD_1,0.512599766254425,303,0.44282832741737366,412,0.06977143883705139
E_S_RCRD_2,0.48937371373176575,349,0.46357929706573486,367,0.025794416666030884
E_S_RCRD_3,0.4829411506652832,367,0.47669029235839844,335,0.006250858306884766
E_S_RCRD_4,0.45306724309921265,421,0.4650573134422302,363,0.011990070343017578
E_S_RCRD_5,0.43525201082229614,471,0.4219270944595337,459,0.013324916362762451
F_BR_1,0.3757702112197876,595,0.39110374450683594,524,0.01533353328704834
F_BR_2,0.4152342677116394,518,0.4085041284561157,490,0.006730139255523682
F_BR_3,0.4193946123123169,501,0.41650086641311646,470,0.0028937458992004395
F_BR_4,0.43419331312179565,477,0.41553938388824463,472,0.018653929233551025
F_BR_5,0.4250529110431671,491,0.4019790291786194,499,0.02307388186454773
F_BR_6,0.39916473627090454,554,0.38293924927711487,535,0.016225486993789673
F_BR_7,0.43133702874183655,482,0.39872199296951294,501,0.03261503577232361
F_BR_8,0.385145902633667,580,0.34275177121162415,591,0.04239413142204285
F_CAFFEINE_1,0.4733688533306122,379,0.4139179587364197,480,0.059450894594192505
F_CAFFEINE_2,0.4608715772628784,405,0.41803932189941406,467,0.042832255363464355
F_CAFFEINE_3,0.4805721640586853,371,0.43036097288131714,442,0.050211191177368164
F_CAFFEINE_4,0.500873327255249,324,0.48699691891670227,305,0.013876408338546753
F_CAFFEINE_5,0.4724125266075134,384,0.49547913670539856,288,0.023066610097885132
F_CAFFEINE_6,0.4870516359806061,356,0.5281649827957153,236,0.04111334681510925
F_CAFFEINE_7,0.3446006774902344,629,0.32516658306121826,608,0.019434094429016113
F_CS_1,0.38893967866897583,573,0.371418833732605,559,0.01752084493637085
F_CS_2,0.6472365260124207,144,0.6077882051467896,142,0.039448320865631104
F_CS_3,0.6147359609603882,162,0.5833194255828857,167,0.03141653537750244
F_CS_4,0.5916463136672974,180,0.5352188348770142,223,0.0564274787902832
F_CS_5,0.5329618453979492,254,0.5120083093643188,269,0.02095353603363037
F_CS_6,0.5175594091415405,286,0.498950332403183,281,0.018609076738357544
F_CS_7,0.41623455286026,515,0.371256023645401,560,0.04497852921485901
F_CS_F01_1,0.5938296914100647,175,0.5761806964874268,176,0.01764899492263794
F_CS_F01_9999,0.7032058238983154,99,0.6490282416343689,98,0.05417758226394653
F_CS_F02_2,0.6382981538772583,150,0.5782871246337891,174,0.06001102924346924
F_CS_F02_9999,0.6893954277038574,113,0.6352459192276001,119,0.054149508476257324
F_CS_F03_3,0.604261040687561,167,0.5556595921516418,198,0.04860144853591919
F_CS_F03_9999,0.6560172438621521,138,0.6082335710525513,140,0.04778367280960083
F_CS_F04_4,0.5632317662239075,206,0.4714943766593933,347,0.09173738956451416
F_CS_F04_9999,0.669715404510498,125,0.5488468408584595,206,0.12086856365203857
F_CS_F05_5,0.6271449327468872,154,0.5741398930549622,178,0.05300503969192505
F_CS_F05_9999,0.7005262970924377,102,0.6507959365844727,96,0.04973036050796509
F_CS_F06_6,0.6528114080429077,140,0.6244954466819763,128,0.028315961360931396
F_CS_F06_9999,0.7621605396270752,63,0.6614812016487122,89,0.10067933797836304
F_CS_F07_7,0.47426730394363403,377,0.4122810661792755,483,0.06198623776435852
F_CS_F07_9999,0.5622053742408752,209,0.5199570655822754,254,0.042248308658599854
F_CS_F08_8,0.6255398988723755,156,0.5614006519317627,189,0.06413924694061279
F_CS_F08_9999,0.7152891159057617,88,0.6447350978851318,107,0.07055401802062988
F_CS_F09_9,0.5938449501991272,174,0.6073153018951416,144,0.013470351696014404
F_CS_F09_9999,0.7359877824783325,77,0.664008378982544,86,0.07197940349578857
F_CS_F10_10,0.5890985727310181,181,0.5534802675247192,202,0.03561830520629883
F_CS_F10_9999,0.6823698282241821,117,0.6051843166351318,147,0.07718551158905029
F_CS_F11_11,0.6325799226760864,151,0.5836065411567688,166,0.04897338151931763
F_CS_F11_9999,0.6968560814857483,106,0.6082069277763367,141,0.08864915370941162
F_CS_F12_12,0.41670718789100647,511,0.36922723054885864,563,0.04747995734214783
F_CS_F12_9999,0.5141282081604004,301,0.46505123376846313,364,0.049076974391937256
F_EDU_1,0.4584599435329437,410,0.4413830637931824,417,0.017076879739761353
F_EDU_2,0.48715323209762573,355,0.43752047419548035,421,0.049632757902145386
F_FASTFOOD_1,0.4706156253814697,387,0.4617196023464203,372,0.008896023035049438
F_FASTFOOD_2,0.44545161724090576,442,0.3973871171474457,507,0.04806450009346008
F_FASTFOOD_3,0.44264471530914307,452,0.3983283042907715,503,0.04431641101837158
F_FASTFOOD_4,0.4986300766468048,328,0.4153692424297333,473,0.08326083421707153
F_FASTFOOD_5,0.4939233660697937,337,0.4199221134185791,462,0.0740012526512146
F_FASTFOOD_6,0.5156838297843933,294,0.4948294162750244,292,0.020854413509368896
F_FASTFOOD_7,0.34886765480041504,625,0.301355242729187,639,0.04751241207122803
F_FRUIT_1,0.387922078371048,576,0.4139379858970642,479,0.026015907526016235
F_FRUIT_2,0.39511895179748535,559,0.377052903175354,545,0.018066048622131348
F_FRUIT_3,0.41529756784439087,517,0.3742782473564148,553,0.041019320487976074
F_FRUIT_4,0.43460607528686523,476,0.37561506032943726,549,0.05899101495742798
F_FRUIT_5,0.41423773765563965,521,0.3658679127693176,567,0.04836982488632202
F_FRUIT_6,0.4606281816959381,406,0.39834827184677124,502,0.06227990984916687
F_FRUIT_7,0.46517980098724365,399,0.3845239281654358,532,0.08065587282180786
F_MILK_1,0.47318169474601746,380,0.4859502911567688,310,0.012768596410751343
F_MILK_2,0.45621588826179504,417,0.44475772976875305,408,0.011458158493041992
F_MILK_3,0.4604715406894684,407,0.4292179346084595,446,0.03125360608100891
F_MILK_4,0.4849257469177246,363,0.42547330260276794,450,0.059452444314956665
F_MILK_5,0.47291719913482666,382,0.4284863770008087,447,0.044430822134017944
F_MILK_6,0.5171715021133423,289,0.45739665627479553,383,0.05977484583854675
F_MILK_7,0.4912703037261963,343,0.43902093172073364,420,0.052249372005462646
F_SODA_1,0.4430171847343445,448,0.45507386326789856,387,0.012056678533554077
F_SODA_2,0.43741196393966675,465,0.41607534885406494,471,0.021336615085601807
F_SODA_3,0.41646164655685425,512,0.39124953746795654,522,0.025212109088897705
F_SODA_4,0.4504450857639313,428,0.4144079387187958,476,0.0360371470451355
F_SODA_5,0.5110063552856445,308,0.47556477785110474,340,0.035441577434539795
F_SODA_6,0.5876941084861755,182,0.5153908729553223,261,0.07230323553085327
F_SODA_7,0.45167869329452515,425,0.3723480701446533,556,0.07933062314987183
F_SWDRINK_1,0.4643569588661194,400,0.4628099501132965,368,0.001547008752822876
F_SWDRINK_2,0.449653685092926,431,0.4195801913738251,463,0.030073493719100952
F_SWDRINK_3,0.43516066670417786,472,0.392076313495636,520,0.04308435320854187
F_SWDRINK_4,0.4463394284248352,439,0.39662957191467285,511,0.049709856510162354
F_SWDRINK_5,0.4569081962108612,414,0.3939041495323181,516,0.06300404667854309
F_SWDRINK_6,0.5162225961685181,292,0.4519835412502289,394,0.06423905491828918
F_SWDRINK_7,0.4289408326148987,483,0.39735832810401917,508,0.03158250451087952
F_VEG_1,0.4554104804992676,418,0.44800931215286255,404,0.007401168346405029
F_VEG_2,0.4329899847507477,479,0.40580859780311584,494,0.027181386947631836
F_VEG_3,0.44521498680114746,443,0.40984731912612915,488,0.03536766767501831
F_VEG_4,0.4569065570831299,415,0.41532522439956665,474,0.04158133268356323
F_VEG_5,0.4669300317764282,391,0.42402514815330505,454,0.04290488362312317
F_VEG_6,0.45133793354034424,426,0.42294394969940186,458,0.028393983840942383
F_VEG_7,0.41958028078079224,500,0.39125558733940125,521,0.02832469344139099
F_WAT_1,0.5433378219604492,233,0.4748035967350006,341,0.06853422522544861
F_WAT_2,0.4868987500667572,357,0.45238548517227173,393,0.034513264894485474
F_WAT_3,0.49632617831230164,333,0.47041410207748413,350,0.025912076234817505
F_WAT_4,0.48862355947494507,350,0.47347861528396606,345,0.015144944190979004
F_WAT_5,0.45184001326560974,424,0.44364359974861145,409,0.008196413516998291
GRADE_1,0.4469151198863983,438,0.41862550377845764,466,0.028289616107940674
GRADE_2,0.5473123788833618,228,0.5397461652755737,216,0.007566213607788086
GRADE_3,0.5145061016082764,300,0.5126277208328247,267,0.0018783807754516602
GRADE_4,0.3162537217140198,644,0.29806360602378845,641,0.018190115690231323
GRADE_5,0.39922064542770386,553,0.370979905128479,561,0.028240740299224854
GRADE_6,0.38884952664375305,574,0.3855593204498291,530,0.00329020619392395
HW_EDU_1,0.6902059316635132,112,0.6304160356521606,125,0.05978989601135254
HW_EDU_2,0.6632762551307678,132,0.5278224945068359,237,0.13545376062393188
HW_SPGO_H_1,0.463833212852478,402,0.3834259808063507,533,0.08040723204612732
HW_SPGO_H_2,0.49530720710754395,335,0.4448913335800171,407,0.050415873527526855
HW_SPGO_H_3,0.47304004430770874,381,0.4231758117675781,457,0.049864232540130615
HW_SPGO_H_4,0.3889754116535187,572,0.3669394850730896,566,0.022035926580429077
HW_SPML_H_1,0.6395965218544006,148,0.579126238822937,172,0.06047028303146362
HW_SPML_H_2,0.7143972516059875,90,0.6791415214538574,75,0.03525573015213013
HW_SPML_H_3,0.6845988035202026,116,0.623972475528717,129,0.060626327991485596
HW_SPML_H_4,0.4995601177215576,326,0.45074281096458435,397,0.04881730675697327
HW_SPML_S_1,0.507171630859375,316,0.47669094800949097,334,0.030480682849884033
HW_SPML_S_2,0.5854822397232056,184,0.5741010904312134,179,0.011381149291992188
HW_SPML_S_3,0.5715268850326538,194,0.5595744252204895,195,0.011952459812164307
HW_SPML_S_4,0.5555515289306641,218,0.5313398838043213,229,0.024211645126342773
HW_SPRM_H_1,0.6506857872009277,141,0.6018866300582886,152,0.04879915714263916
HW_SPRM_H_2,0.6075737476348877,164,0.5948361754417419,157,0.012737572193145752
HW_SPRM_H_3,0.5521206855773926,222,0.4907730221748352,298,0.06134766340255737
HW_SPRM_H_4,0.4168717861175537,510,0.39379391074180603,517,0.02307787537574768
HW_SPRM_S_1,0.6948851943016052,108,0.6197175979614258,133,0.07516759634017944
HW_SPRM_S_2,0.7041401267051697,98,0.6424606442451477,111,0.06167948246002197
HW_SPRM_S_3,0.6605117917060852,136,0.5614585876464844,188,0.09905320405960083
HW_SPRM_S_4,0.4919010400772095,342,0.4695582091808319,352,0.022342830896377563
HW_S_R_1,0.7661978006362915,58,0.6884900331497192,70,0.07770776748657227
HW_S_R_10,0.5692158937454224,198,0.4915812611579895,297,0.07763463258743286
HW_S_R_2,0.8219447135925293,32,0.7191987037658691,55,0.10274600982666016
HW_S_R_3,0.776121973991394,55,0.726154088973999,51,0.04996788501739502
HW_S_R_4,0.5222049355506897,281,0.49176469445228577,296,0.03044024109840393
HW_S_R_5,0.6803085803985596,119,0.6146765351295471,137,0.06563204526901245
HW_S_R_6,0.5376699566841125,242,0.5252557992935181,242,0.012414157390594482
HW_S_R_7,0.716803252696991,87,0.6486055850982666,99,0.06819766759872437
HW_S_R_8,0.6952297687530518,107,0.6440899968147278,109,0.051139771938323975
HW_S_R_9,0.6926919221878052,110,0.6074926853179932,143,0.08519923686981201
INT_WD_1,0.45724326372146606,413,0.40890663862228394,489,0.04833662509918213
INT_WD_2,0.4653043746948242,397,0.4551598131656647,386,0.010144561529159546
INT_WD_MM_0,0.4391242265701294,461,0.36547404527664185,569,0.07365018129348755
INT_WD_MM_1,0.5158352851867676,293,0.4508219063282013,396,0.06501337885856628
INT_WD_MM_2,0.4964172840118408,332,0.46731120347976685,358,0.029106080532073975
INT_WD_MM_3,0.48478299379348755,364,0.47787272930145264,330,0.006910264492034912
INT_WD_MM_4,0.4701569080352783,388,0.4830430746078491,316,0.0128861665725708
INT_WD_MM_5,0.4407045245170593,459,0.4948928654193878,291,0.05418834090232849
INT_WK_1,0.46417322754859924,401,0.42501258850097656,451,0.03916063904762268
INT_WK_2,0.5778102874755859,189,0.5788562297821045,173,0.0010459423065185547
INT_WK_MM_0,0.36089029908180237,613,0.3021845817565918,637,0.05870571732521057
INT_WK_MM_1,0.549713134765625,223,0.4527595341205597,391,0.09695360064506531
INT_WK_MM_10,0.3892837464809418,570,0.4682875871658325,357,0.07900384068489075
INT_WK_MM_2,0.5417636632919312,236,0.4667981266975403,359,0.07496553659439087
INT_WK_MM_3,0.5352094173431396,248,0.47996675968170166,325,0.05524265766143799
INT_WK_MM_4,0.5146625638008118,299,0.47453856468200684,343,0.04012399911880493
INT_WK_MM_5,0.5150554180145264,298,0.4890323281288147,302,0.02602308988571167
INT_WK_MM_6,0.4872588515281677,354,0.49588990211486816,285,0.00863105058670044
INT_WK_MM_7,0.4112302362918854,528,0.4601673483848572,376,0.0489371120929718
INT_WK_MM_8,0.42802321910858154,487,0.4809110760688782,322,0.05288785696029663
INT_WK_MM_9,0.4162425100803375,514,0.43923431634902954,419,0.022991806268692017
I_SB_BK_1,0.5767300128936768,191,0.5590579509735107,196,0.017672061920166016
I_SB_BK_2,0.6400119066238403,147,0.6024461984634399,149,0.03756570816040039
I_SB_BK_3,0.6998564600944519,104,0.6393951773643494,116,0.06046128273010254
I_SB_BK_4,0.6688873767852783,126,0.6366042494773865,118,0.032283127307891846
I_SB_BK_5,0.5714322328567505,195,0.5874823331832886,164,0.016050100326538086
I_SB_EX_1,0.7623456716537476,62,0.7272695899009705,48,0.0350760817527771
I_SB_EX_2,0.7634580135345459,61,0.7088802456855774,63,0.054577767848968506
I_SB_EX_3,0.7635818123817444,60,0.684378981590271,72,0.07920283079147339
I_SB_EX_4,0.7280250787734985,81,0.6523528099060059,94,0.07567226886749268
I_SB_EX_5,0.6245447397232056,157,0.64207923412323,113,0.017534494400024414
I_SB_FR_1,0.7282754182815552,80,0.7035969495773315,65,0.024678468704223633
I_SB_FR_2,0.7884354591369629,50,0.7600640058517456,34,0.028371453285217285
I_SB_FR_3,0.7510676383972168,68,0.7161403894424438,56,0.03492724895477295
I_SB_FR_4,0.6812173128128052,118,0.649375319480896,97,0.03184199333190918
I_SB_FR_5,0.5285918712615967,265,0.523404598236084,248,0.005187273025512695
I_SCH_ED1_1,0.5013238191604614,323,0.47659969329833984,337,0.024724125862121582
I_SCH_ED1_9999,0.8492708206176758,16,0.7826563715934753,16,0.06661444902420044
I_SCH_ED2_2,0.8309190273284912,26,0.7128334045410156,61,0.11808562278747559
I_SCH_ED2_9999,0.7186755537986755,86,0.665144681930542,85,0.053530871868133545
I_SCH_ED3_3,0.7214285135269165,84,0.6563146114349365,92,0.06511390209197998
I_SCH_ED3_9999,0.6018738746643066,171,0.582444965839386,168,0.019428908824920654
I_SCH_ED4_4,0.5620846748352051,210,0.4541802704334259,388,0.10790440440177917
I_SCH_ED4_9999,0.6058152914047241,166,0.5386630892753601,217,0.06715220212936401
I_SCH_ED5_5,0.5859677791595459,183,0.4792795777320862,327,0.10668820142745972
I_SCH_ED5_9999,0.6180168986320496,160,0.5616303086280823,187,0.056386590003967285
I_SCH_TRT_1,0.8335517644882202,24,0.7831568717956543,15,0.05039489269256592
I_SCH_TRT_2,0.7638239860534668,59,0.726163387298584,50,0.03766059875488281
M_SAD_1,0.8466039896011353,19,0.7507690787315369,38,0.09583491086959839
M_SAD_2,0.6641805171966553,131,0.7397458553314209,42,0.07556533813476562
M_SLP_EN_1,0.727500319480896,82,0.5719858407974243,183,0.15551447868347168
M_SLP_EN_2,0.79778653383255,47,0.6734479665756226,79,0.12433856725692749
M_SLP_EN_3,0.7993873953819275,46,0.7201509475708008,54,0.07923644781112671
M_SLP_EN_4,0.7452168464660645,74,0.723493218421936,52,0.021723628044128418
M_SLP_EN_5,0.5819723010063171,187,0.6634215712547302,87,0.08144927024841309
M_STR_1,0.5277702212333679,266,0.614906370639801,135,0.0871361494064331
M_STR_2,0.6567864418029785,137,0.6464623808860779,104,0.010324060916900635
M_STR_3,0.6969084739685059,105,0.5797847509384155,171,0.11712372303009033
M_STR_4,0.7096623182296753,93,0.5239953994750977,247,0.18566691875457764
M_STR_5,0.6684780716896057,128,0.47948676347732544,326,0.18899130821228027
M_SUI_ATT_1,0.8404209613800049,21,0.771068811416626,25,0.0693521499633789
M_SUI_ATT_2,0.41960829496383667,499,0.5512540936470032,203,0.1316457986831665
M_SUI_CON_1,0.8287909030914307,27,0.7402693629264832,41,0.08852154016494751
M_SUI_CON_2,0.5383063554763794,239,0.6677243113517761,82,0.12941795587539673
M_SUI_PLN_1,0.856552243232727,13,0.7748414278030396,23,0.0817108154296875
M_SUI_PLN_2,0.48758018016815186,352,0.6058210134506226,145,0.1182408332824707
O_BR_FQ_1,0.4687974750995636,390,0.5296639204025269,233,0.06086644530296326
O_BR_FQ_10,0.719213604927063,85,0.6397585868835449,115,0.07945501804351807
O_BR_FQ_2,0.6735539436340332,123,0.6606007814407349,90,0.01295316219329834
O_BR_FQ_3,0.8097917437553406,39,0.7318100929260254,46,0.07798165082931519
O_BR_FQ_4,0.7949796319007874,49,0.7070977687835693,64,0.08788186311721802
O_BR_FQ_5,0.7119338512420654,91,0.6350983381271362,120,0.0768355131149292
O_BR_FQ_6,0.5440424680709839,232,0.5815461874008179,169,0.037503719329833984
O_BR_FQ_7,0.540068507194519,238,0.5780574083328247,175,0.037988901138305664
O_BR_FQ_8,0.5821224451065063,186,0.4810032844543457,320,0.10111916065216064
O_BR_FQ_9,0.47443336248397827,376,0.3921048641204834,519,0.08232849836349487
O_BR_SLP_1,0.8119982481002808,38,0.7296434640884399,47,0.08235478401184082
O_BR_SLP_2,0.6499704122543335,142,0.6940988302230835,66,0.04412841796875
O_BR_SLP_3,0.48806846141815186,351,0.524203360080719,246,0.03613489866256714
O_BR_S_1,0.7796793580055237,54,0.6916857957839966,68,0.0879935622215271
O_BR_S_2,0.7975216507911682,48,0.7221442461013794,53,0.07537740468978882
O_BR_S_3,0.8083704113960266,41,0.7644636034965515,29,0.0439068078994751
O_BR_S_4,0.8325068950653076,25,0.7673239707946777,27,0.06518292427062988
O_DC_FQ_1,0.7662819027900696,57,0.7811307907104492,20,0.014848887920379639
O_DC_FQ_2,0.8403897285461426,22,0.7879998683929443,11,0.05238986015319824
O_DC_FQ_3,0.8029772043228149,42,0.7269396185874939,49,0.07603758573532104
O_DC_FQ_4,0.7437631487846375,75,0.6340014934539795,121,0.10976165533065796
O_DC_FQ_5,0.7228573560714722,83,0.6000022888183594,154,0.12285506725311279
O_EDU_1,0.6869626641273499,115,0.6824776530265808,74,0.004485011100769043
O_EDU_2,0.6726790070533752,124,0.5721034407615662,182,0.10057556629180908
O_OCP1_1,0.7016404867172241,101,0.6543158888816833,93,0.04732459783554077
O_OCP1_9999,0.8592506647109985,11,0.7784336805343628,22,0.08081698417663574
O_OCP2_2,0.7514917850494385,67,0.6897889375686646,69,0.061702847480773926
O_OCP2_9999,0.8723844885826111,5,0.7844974994659424,14,0.0878869891166687
O_OCP3_3,0.6671909689903259,129,0.6704949140548706,80,0.0033039450645446777
O_OCP3_9999,0.83390212059021,23,0.7590790390968323,35,0.07482308149337769
O_OCP4_4,0.7382921576499939,76,0.6703684329986572,81,0.06792372465133667
O_OCP4_9999,0.8569235801696777,12,0.784600555896759,13,0.0723230242729187
O_OCP5_5,0.7574339509010315,65,0.6313599348068237,124,0.12607401609420776
O_OCP5_9999,0.6687015295028687,127,0.6020822525024414,151,0.06661927700042725
O_SCL_1,0.8477630615234375,18,0.7826326489448547,17,0.06513041257858276
O_SCL_2,0.7558044791221619,66,0.6462558507919312,105,0.10954862833023071
O_SLNT_1,0.814869225025177,36,0.7652720808982849,28,0.04959714412689209
O_SLNT_2,0.7490843534469604,69,0.6476907730102539,100,0.10139358043670654
O_SYMP1_0,0.8594187498092651,10,0.8080477118492126,4,0.05137103796005249
O_SYMP1_1,0.6213715076446533,158,0.5219994187355042,252,0.09937208890914917
O_SYMP1_1_0,0.8210559487342834,33,0.7955011129379272,6,0.0255548357963562
O_SYMP1_1_1,0.6028860211372375,170,0.5027643442153931,277,0.10012167692184448
O_SYMP1_1_2,0.5463770031929016,229,0.4585334062576294,379,0.08784359693527222
O_SYMP2_0,0.8861695528030396,3,0.7522714138031006,37,0.13389813899993896
O_SYMP2_1,0.8011465072631836,43,0.7461496591567993,40,0.05499684810638428
O_SYMP3_0,0.8665289282798767,7,0.7947462797164917,8,0.07178264856338501
O_SYMP3_1,0.6413358449935913,146,0.6327247619628906,122,0.008611083030700684
O_SYMP4_0,0.8968096375465393,1,0.8025200366973877,5,0.09428960084915161
O_SYMP4_1,0.7050395011901855,97,0.6841925382614136,73,0.020846962928771973
O_SYMP5_0,0.8917927145957947,2,0.814892053604126,2,0.0769006609916687
O_SYMP5_1,0.5992867946624756,172,0.5895741581916809,162,0.009712636470794678
O_SYMP6_0,0.705180287361145,96,0.666069746017456,83,0.039110541343688965
O_SYMP6_1,0.5651251077651978,204,0.6455106735229492,106,0.08038556575775146
PA_MSC_1,0.4500085711479187,430,0.4420306384563446,416,0.007977932691574097
PA_MSC_2,0.486061155796051,359,0.47903305292129517,328,0.007028102874755859
PA_MSC_3,0.5065181851387024,317,0.4955032765865326,287,0.0110149085521698
PA_MSC_4,0.4923144578933716,340,0.4316002130508423,439,0.0607142448425293
PA_MSC_5,0.523402214050293,275,0.4432362914085388,411,0.08016592264175415
PA_MSC_6,0.4353179335594177,470,0.37454652786254883,552,0.060771405696868896
PA_PE_FQ_1,0.5103797912597656,310,0.5189647674560547,256,0.008584976196289062
PA_PE_FQ_2,0.5236506462097168,274,0.5608217716217041,192,0.037171125411987305
PA_PE_FQ_3,0.5319823622703552,257,0.5301501154899597,230,0.0018322467803955078
PA_PE_FQ_4,0.49467232823371887,336,0.44804471731185913,403,0.04662761092185974
PA_ST_1,0.4902465343475342,346,0.5243812203407288,244,0.03413468599319458
PA_ST_2,0.5026431083679199,321,0.4780324399471283,329,0.024610668420791626
PA_ST_3,0.5182898044586182,285,0.47595471143722534,339,0.04233509302139282
PA_ST_4,0.6258326172828674,155,0.5259835124015808,241,0.09984910488128662
PA_ST_5,0.6322591304779053,152,0.48095205426216125,321,0.15130707621574402
PA_SWD_N_0,0.48598840832710266,360,0.44065967202186584,418,0.045328736305236816
PA_SWD_N_1,0.5195167064666748,283,0.4420435428619385,415,0.07747316360473633
PA_SWD_N_2,0.5185916423797607,284,0.47260987758636475,346,0.045981764793395996
PA_SWD_N_3,0.49283093214035034,339,0.48062989115715027,324,0.012201040983200073
PA_SWD_N_4,0.5072300434112549,315,0.512627363204956,268,0.005397319793701172
PA_SWD_N_5,0.510474443435669,309,0.49297159910202026,294,0.01750284433364868
PA_SWD_N_6,0.5668856501579285,201,0.5679223537445068,184,0.0010367035865783691
PA_SWD_N_7,0.4777435064315796,374,0.48964470624923706,301,0.01190119981765747
PA_SWD_S_0,0.47913220524787903,373,0.4622175693511963,371,0.01691463589668274
PA_SWD_S_1,0.527082085609436,268,0.47088703513145447,348,0.05619505047798157
PA_SWD_S_10,0.5275896191596985,267,0.5145789384841919,264,0.013010680675506592
PA_SWD_S_11,0.557098388671875,215,0.5481103658676147,208,0.008988022804260254
PA_SWD_S_12,0.5296794176101685,263,0.5265105962753296,240,0.003168821334838867
PA_SWD_S_13,0.5353628993034363,247,0.5317478179931641,228,0.003615081310272217
PA_SWD_S_14,0.5226564407348633,280,0.5351317524909973,224,0.012475311756134033
PA_SWD_S_2,0.5366905331611633,243,0.48541754484176636,311,0.05127298831939697
PA_SWD_S_3,0.5605925917625427,212,0.4882817268371582,304,0.07231086492538452
PA_SWD_S_4,0.5476290583610535,227,0.5009235143661499,279,0.046705543994903564
PA_SWD_S_5,0.5482940673828125,225,0.5225334167480469,250,0.025760650634765625
PA_SWD_S_6,0.5572915077209473,214,0.5148960947990417,263,0.04239541292190552
PA_SWD_S_7,0.5381175875663757,240,0.5140628814697266,266,0.02405470609664917
PA_SWD_S_8,0.5361363887786865,244,0.517721951007843,258,0.018414437770843506
PA_SWD_S_9,0.5538270473480225,220,0.5299071669578552,232,0.023919880390167236
PA_SWK_N_0,0.4818583130836487,369,0.45814868807792664,381,0.023709625005722046
PA_SWK_N_1,0.5169427394866943,290,0.4578564763069153,382,0.05908626317977905
PA_SWK_N_10,0.5422663688659668,235,0.5654621720314026,185,0.02319580316543579
PA_SWK_N_11,0.5930909514427185,178,0.5975024104118347,156,0.004411458969116211
PA_SWK_N_12,0.4800240993499756,372,0.5418059825897217,213,0.061781883239746094
PA_SWK_N_2,0.5251627564430237,271,0.46514949202537537,362,0.060013264417648315
PA_SWK_N_3,0.5332530736923218,253,0.4897632598876953,300,0.043489813804626465
PA_SWK_N_4,0.5327314734458923,255,0.4987385869026184,282,0.033992886543273926
PA_SWK_N_5,0.5266743898391724,269,0.5188577175140381,257,0.007816672325134277
PA_SWK_N_6,0.5352036356925964,249,0.5509114265441895,204,0.015707790851593018
PA_SWK_N_7,0.566129207611084,202,0.5564794540405273,197,0.00964975357055664
PA_SWK_N_8,0.5480332970619202,226,0.5737703442573547,180,0.02573704719543457
PA_SWK_N_9,0.5459120273590088,230,0.5901357531547546,159,0.04422372579574585
PA_SWK_S_0,0.4661804139614105,394,0.43014055490493774,443,0.03603985905647278
PA_SWK_S_1,0.535754382610321,246,0.4740341305732727,344,0.06172025203704834
PA_SWK_S_10,0.5154572129249573,295,0.5272405743598938,239,0.011783361434936523
PA_SWK_S_11,0.4624576270580292,404,0.4746711850166321,342,0.012213557958602905
PA_SWK_S_2,0.5321652293205261,256,0.4861809015274048,309,0.04598432779312134
PA_SWK_S_3,0.5377689599990845,241,0.5103788375854492,271,0.027390122413635254
PA_SWK_S_4,0.5606026649475098,211,0.5057225227355957,275,0.05488014221191406
PA_SWK_S_5,0.5657163262367249,203,0.5166937112808228,260,0.0490226149559021
PA_SWK_S_6,0.5556442141532898,217,0.5417627096176147,214,0.013881504535675049
PA_SWK_S_7,0.5539051294326782,219,0.5088059306144714,272,0.04509919881820679
PA_SWK_S_8,0.5250629782676697,272,0.5171592235565186,259,0.007903754711151123
PA_SWK_S_9,0.5110419988632202,307,0.4825509786605835,318,0.02849102020263672
PA_TOT_1,0.4656307101249695,396,0.4610722064971924,373,0.0045585036277771
PA_TOT_2,0.4740232229232788,378,0.49541234970092773,289,0.021389126777648926
PA_TOT_3,0.48466747999191284,365,0.4907645881175995,299,0.0060971081256866455
PA_TOT_4,0.48552796244621277,362,0.4764024615287781,338,0.009125500917434692
PA_TOT_5,0.5111598372459412,306,0.46444976329803467,365,0.046710073947906494
PA_TOT_6,0.5039348602294922,319,0.43411684036254883,429,0.06981801986694336
PA_TOT_7,0.5210435390472412,282,0.4082486629486084,491,0.11279487609863281
PA_TOT_8,0.4326329827308655,480,0.3510417938232422,584,0.08159118890762329
PA_TRA_1,0.556470513343811,216,0.48828205466270447,303,0.06818845868110657
PA_TRA_2,0.6194820404052734,159,0.5603079795837402,194,0.0591740608215332
PA_TRA_3,0.6426622867584229,145,0.5726103782653809,181,0.07005190849304199
PA_TRA_4,0.627740740776062,153,0.5899041891098022,161,0.037836551666259766
PA_TRA_5,0.6392890214920044,149,0.5899076461791992,160,0.049381375312805176
PA_TRA_6,0.5829744338989258,185,0.5499657988548279,205,0.0330086350440979
PA_TRA_7,0.6542454957962036,139,0.5607423782348633,193,0.09350311756134033
PA_TRA_8,0.534504771232605,251,0.4623052775859833,370,0.0721994936466217
PA_TRA_MM_0,0.7483665347099304,70,0.6776072978973389,76,0.07075923681259155
PA_TRA_MM_1,0.7147045731544495,89,0.6939259767532349,67,0.0207785964012146
PA_TRA_MM_2,0.692570686340332,111,0.6417399048805237,114,0.05083078145980835
PA_TRA_MM_3,0.6660190224647522,130,0.5926091074943542,158,0.07340991497039795
PA_VIG_1,0.44576525688171387,440,0.4485807418823242,402,0.0028154850006103516
PA_VIG_2,0.4776369035243988,375,0.48265016078948975,317,0.005013257265090942
PA_VIG_3,0.4964407980442047,331,0.48650145530700684,307,0.009939342737197876
PA_VIG_4,0.5085930824279785,314,0.45277413725852966,390,0.05581894516944885
PA_VIG_5,0.509350597858429,311,0.4372890293598175,422,0.07206156849861145
PA_VIG_6,0.43515464663505554,473,0.35166019201278687,583,0.08349445462226868
PA_WLK_1,0.5230212211608887,278,0.46946752071380615,353,0.05355370044708252
PA_WLK_2,0.5319230556488037,258,0.5318092107772827,227,0.0001138448715209961
PA_WLK_3,0.5695961713790894,197,0.5454750657081604,211,0.024121105670928955
PA_WLK_4,0.5685608386993408,199,0.5347553491592407,225,0.0338054895401001
PA_WLK_5,0.5784823298454285,188,0.545800507068634,210,0.032681822776794434
PA_WLK_6,0.5359944105148315,245,0.5114791989326477,270,0.024515211582183838
PA_WLK_7,0.593443751335144,176,0.5273867845535278,238,0.06605696678161621
PA_WLK_8,0.48961833119392395,347,0.44859448075294495,401,0.041023850440979004
PA_WLK_MM_0,0.4895920157432556,348,0.47021934390068054,351,0.019372671842575073
PA_WLK_MM_1,0.5004051923751831,325,0.4777173697948456,331,0.022687822580337524
PA_WLK_MM_2,0.5305901765823364,260,0.5243170261383057,245,0.006273150444030762
PA_WLK_MM_3,0.5725246667861938,193,0.4970397651195526,284,0.07548490166664124
PA_WLK_MM_4,0.5172635912895203,288,0.45569390058517456,384,0.0615696907043457
PR_HT_1,0.44909435510635376,433,0.3334689736366272,603,0.11562538146972656
PR_HT_2,0.43758419156074524,464,0.37805962562561035,543,0.05952456593513489
PR_HT_3,0.39524608850479126,558,0.41743844747543335,469,0.02219235897064209
PR_HT_4,0.3891570568084717,571,0.46060824394226074,375,0.07145118713378906
PR_HT_5,0.3505631685256958,623,0.378099262714386,542,0.027536094188690186
PR_OH_1,0.6795166730880737,121,0.6092562675476074,138,0.07026040554046631
PR_OH_2,0.8234350681304932,30,0.7501682043075562,39,0.07326686382293701
PR_OH_3,0.8420282602310181,20,0.7921048402786255,9,0.04992341995239258
PR_OH_4,0.709931492805481,92,0.7149544954299927,59,0.005023002624511719
PR_OH_5,0.49895381927490234,327,0.4975590109825134,283,0.001394808292388916
RH_DG_LT_1,0.530135452747345,261,0.4478462338447571,405,0.08228921890258789
RH_DG_LT_2,0.4133111834526062,524,0.42573100328445435,449,0.012419819831848145
RH_DG_YR_1,0.5257308483123779,270,0.5289290547370911,234,0.0031982064247131348
RH_DG_YR_2,0.4727639853954315,383,0.4811529517173767,319,0.00838896632194519
RH_DG_YR_9999,0.4908880293369293,344,0.4305269718170166,440,0.06036105751991272
S_CONT_1,0.4170965254306793,509,0.37580209970474243,548,0.04129442572593689
S_CONT_2,0.442596971988678,453,0.36814674735069275,564,0.07445022463798523
S_CONT_3,0.45192283391952515,423,0.30841055512428284,633,0.1435122787952423
S_CONT_4,0.49217742681503296,341,0.4606659710407257,374,0.03151145577430725
S_CONT_9999,0.7457835674285889,72,0.7118903994560242,62,0.0338931679725647
S_CONT_M_1,0.41792410612106323,508,0.24497729539871216,673,0.17294681072235107
S_CONT_M_2,0.399699866771698,552,0.3564768433570862,580,0.043223023414611816
S_CONT_M_3,0.437402606010437,466,0.2947275638580322,643,0.14267504215240479
S_CONT_M_4,0.1805252730846405,701,0.18981094658374786,690,0.00928567349910736
S_CONT_M_5,0.15134793519973755,712,0.11899563670158386,720,0.032352298498153687
S_CONT_M_6,0.18886160850524902,700,0.15443256497383118,709,0.03442904353141785
S_CONT_M_9999,0.8010261654853821,45,0.7385299205780029,43,0.06249624490737915
S_EDU_1,0.6161174774169922,161,0.5890434980392456,163,0.027073979377746582
S_EDU_2,0.7317207455635071,78,0.6653620004653931,84,0.06635874509811401
S_SI_1,0.7677375078201294,56,0.7379960417747498,44,0.02974146604537964
S_SI_2,0.4968777000904083,330,0.44901975989341736,400,0.04785794019699097
SleepAvg_WK_0,0.2296879142522812,688,0.19349981844425201,686,0.036188095808029175
SleepAvg_WK_1,0.28398752212524414,661,0.18698567152023315,691,0.09700185060501099
SleepAvg_WK_10,0.40647536516189575,533,0.2957679033279419,642,0.11070746183395386
SleepAvg_WK_11,0.4547809660434723,419,0.3474501967430115,586,0.10733076930046082
SleepAvg_WK_12,0.45857948064804077,409,0.3999822437763214,500,0.05859723687171936
SleepAvg_WK_13,0.44872117042541504,435,0.4329679608345032,433,0.015753209590911865
SleepAvg_WK_14,0.3451365530490875,628,0.31685036420822144,617,0.02828618884086609
SleepAvg_WK_15,0.301570326089859,650,0.2639039158821106,662,0.03766641020774841
SleepAvg_WK_16,0.2581237256526947,672,0.26069509983062744,665,0.0025713741779327393
SleepAvg_WK_17,0.29461199045181274,653,0.27989935874938965,654,0.014712631702423096
SleepAvg_WK_18,0.36182549595832825,609,0.2946987450122833,644,0.06712675094604492
SleepAvg_WK_19,0.4049859642982483,539,0.35879281163215637,578,0.04619315266609192
SleepAvg_WK_2,0.3537633717060089,619,0.2895009517669678,648,0.06426241993904114
SleepAvg_WK_20,0.4193740487098694,503,0.33429843187332153,599,0.08507561683654785
SleepAvg_WK_3,0.4356973171234131,467,0.41945725679397583,464,0.016240060329437256
SleepAvg_WK_4,0.3560594916343689,618,0.40815287828445435,492,0.05209338665008545
SleepAvg_WK_5,0.34885933995246887,626,0.36087167263031006,576,0.012012332677841187
SleepAvg_WK_6,0.365741103887558,602,0.31879913806915283,616,0.04694196581840515
SleepAvg_WK_7,0.1691652089357376,704,0.12355154752731323,717,0.04561366140842438
SleepAvg_WK_8,0.3642212152481079,604,0.2721453905105591,657,0.09207582473754883
SleepAvg_WK_9,0.361886203289032,607,0.25837668776512146,666,0.10350951552391052
TC_ACCESS_1,0.8194254040718079,35,0.7819899916648865,18,0.03743541240692139
TC_ACCESS_2,0.5054988265037537,318,0.44906869530677795,399,0.05643013119697571
TC_ACCESS_3,0.44694632291793823,437,0.41186028718948364,485,0.03508603572845459
TC_ACCESS_4,0.38437342643737793,582,0.34400317072868347,590,0.04037025570869446
TC_ACCESS_5,0.3691070079803467,598,0.3202674984931946,614,0.0488395094871521
TC_AMNT_0,0.8011451959609985,44,0.7572399377822876,36,0.04390525817871094
TC_AMNT_1,0.3805423378944397,590,0.39700257778167725,510,0.01646023988723755
TC_AMNT_2,0.4447103440761566,446,0.37063491344451904,562,0.07407543063163757
TC_AMNT_3,0.3937372863292694,563,0.3530561923980713,582,0.04068109393119812
TC_AMNT_4,0.37798595428466797,594,0.3078969717025757,634,0.07008898258209229
TC_AMNT_5,0.3837224841117859,584,0.3014183044433594,638,0.08230417966842651
TC_AMNT_6,0.41938191652297974,502,0.26597949862480164,659,0.1534024178981781
TC_DAGE_1,0.14928878843784332,713,0.17806579172611237,698,0.028777003288269043
TC_DAGE_10,0.4013484716415405,549,0.2843942642211914,652,0.11695420742034912
TC_DAGE_11,0.3792468309402466,593,0.3133976459503174,626,0.0658491849899292
TC_DAGE_12,0.42514827847480774,490,0.3240848779678345,609,0.10106340050697327
TC_DAGE_13,0.4002869129180908,550,0.3451199531555176,587,0.05516695976257324
TC_DAGE_2,0.257550448179245,673,0.28632280230522156,650,0.028772354125976562
TC_DAGE_3,0.2668371796607971,668,0.2138003706932068,680,0.05303680896759033
TC_DAGE_4,0.1421274095773697,716,0.14111530780792236,713,0.0010121017694473267
TC_DAGE_5,0.17574791610240936,702,0.11980627477169037,719,0.055941641330718994
TC_DAGE_6,0.2419373095035553,679,0.1978304386138916,685,0.044106870889663696
TC_DAGE_7,0.2559816837310791,674,0.16875521838665009,703,0.08722646534442902
TC_DAGE_8,0.40150099992752075,547,0.2572738528251648,669,0.14422714710235596
TC_DAGE_9,0.3940486013889313,562,0.3118365705013275,630,0.08221203088760376
TC_DAGE_9999,0.8543824553489685,15,0.7882415056228638,10,0.06614094972610474
TC_DAYS_0,0.7821553349494934,53,0.7348222732543945,45,0.04733306169509888
TC_DAYS_1,0.44942376017570496,432,0.4338679611682892,431,0.015555799007415771
TC_DAYS_2,0.40566131472587585,537,0.42977404594421387,444,0.024112731218338013
TC_DAYS_3,0.43491917848587036,475,0.4322497844696045,435,0.002669394016265869
TC_DAYS_4,0.46676427125930786,392,0.37916862964630127,540,0.08759564161300659
TC_DAYS_5,0.4014856219291687,548,0.3633102774620056,572,0.038175344467163086
TC_DAYS_6,0.42862701416015625,485,0.36265140771865845,574,0.0659756064414978
TC_DAYS_7,0.3984430730342865,556,0.33745747804641724,595,0.06098559498786926
TC_EC_LT_1,0.8230786919593811,31,0.7737706899642944,24,0.04930800199508667
TC_EC_LT_2,0.3931679427623749,564,0.3885982632637024,529,0.004569679498672485
TC_EC_MN_0,0.8091266751289368,40,0.7709482908248901,26,0.03817838430404663
TC_EC_MN_1,0.418068528175354,507,0.3978755474090576,505,0.020192980766296387
TC_EC_MN_2,0.3904781937599182,568,0.38062992691993713,537,0.009848266839981079
TC_EC_MN_3,0.4288017749786377,484,0.33503592014312744,598,0.09376585483551025
TC_EC_MN_4,0.4126823842525482,525,0.3786394000053406,541,0.03404298424720764
TC_EC_MN_5,0.463792622089386,403,0.365131676197052,571,0.09866094589233398
TC_EC_MN_6,0.41233497858047485,526,0.2620998024940491,664,0.15023517608642578
TC_EC_MN_7,0.44900164008140564,434,0.33364182710647583,601,0.11535981297492981
TC_FAGE_1,0.45647671818733215,416,0.38018929958343506,539,0.0762874186038971
TC_FAGE_10,0.41361409425735474,523,0.3733683228492737,554,0.040245771408081055
TC_FAGE_11,0.39457234740257263,560,0.37630563974380493,547,0.0182667076587677
TC_FAGE_12,0.4017725884914398,545,0.40339937806129456,497,0.0016267895698547363
TC_FAGE_13,0.4018257260322571,544,0.3891568183898926,526,0.012668907642364502
TC_FAGE_14,0.7019099593162537,100,0.677238941192627,77,0.02467101812362671
TC_FAGE_2,0.23426464200019836,684,0.16062286496162415,707,0.07364177703857422
TC_FAGE_3,0.3259912133216858,637,0.24038876593112946,676,0.08560244739055634
TC_FAGE_4,0.4242919683456421,492,0.41306430101394653,481,0.011227667331695557
TC_FAGE_5,0.4354250431060791,469,0.33720821142196655,596,0.09821683168411255
TC_FAGE_6,0.4816349446773529,370,0.41894158720970154,465,0.06269335746765137
TC_FAGE_7,0.4524831771850586,422,0.41271793842315674,482,0.039765238761901855
TC_FAGE_8,0.45994192361831665,408,0.396581768989563,512,0.06336015462875366
TC_FAGE_9,0.4284482002258301,486,0.4051212668418884,495,0.02332693338394165
TC_GHW_1,0.5486175417900085,224,0.47058120369911194,349,0.0780363380908966
TC_GHW_2,0.5637781620025635,205,0.5354754328727722,222,0.02830272912979126
TC_GHW_H_1,0.423056960105896,494,0.4660235643386841,361,0.042966604232788086
TC_GHW_H_2,0.4214736819267273,497,0.41219496726989746,484,0.009278714656829834
TC_GHW_H_3,0.4477476477622986,436,0.43222296237945557,436,0.015524685382843018
TC_GHW_H_4,0.4105530381202698,529,0.4340333938598633,430,0.023480355739593506
TC_GHW_H_9999,0.3987266421318054,555,0.36206549406051636,575,0.03666114807128906
TC_GHW_QT_1,0.39063507318496704,567,0.42336395382881165,456,0.032728880643844604
TC_GHW_QT_2,0.3900463283061981,569,0.3959844410419464,514,0.005938112735748291
TC_GHW_QT_3,0.44150108098983765,455,0.42473700642585754,453,0.016764074563980103
TC_GHW_QT_4,0.3603152632713318,614,0.3907768726348877,525,0.030461609363555908
TC_GHW_QT_9999,0.3373684883117676,633,0.3085979223251343,632,0.0287705659866333
TC_HTP_LT_1,0.8479787111282349,17,0.7951656579971313,7,0.052813053131103516
TC_HTP_LT_2,0.3976020812988281,557,0.36577361822128296,568,0.031828463077545166
TC_HTP_MN_0,0.8543863892555237,14,0.8105700016021729,3,0.04381638765335083
TC_HTP_MN_1,0.3819684684276581,586,0.33838149905204773,594,0.04358696937561035
TC_HTP_MN_2,0.3696880042552948,597,0.3754432797431946,550,0.00575527548789978
TC_HTP_MN_3,0.44285500049591064,449,0.31601330637931824,621,0.1268416941165924
TC_HTP_MN_4,0.4163685441017151,513,0.3068520128726959,635,0.10951653122901917
TC_HTP_MN_5,0.4426786005496979,451,0.3120950162410736,628,0.13058358430862427
TC_HTP_MN_6,0.298112690448761,651,0.1304181069135666,716,0.1676945835351944
TC_HTP_MN_7,0.45351916551589966,420,0.31430158019065857,624,0.1392175853252411
TC_LT_1,0.8137301206588745,37,0.7637107372283936,30,0.05001938343048096
TC_LT_2,0.43813231587409973,463,0.45340049266815186,389,0.015268176794052124
TC_QT_YR_1,0.39421164989471436,561,0.37186187505722046,558,0.022349774837493896
TC_QT_YR_2,0.36253803968429565,606,0.32067811489105225,612,0.04185992479324341
TC_QT_YR_9999,0.7310022115707397,79,0.7155647277832031,58,0.015437483787536621
TC_SND_H_1,0.8207494020462036,34,0.7608981132507324,33,0.05985128879547119
TC_SND_H_2,0.6795388460159302,120,0.6264925599098206,126,0.05304628610610962
TC_SND_H_3,0.6632096767425537,133,0.6197992563247681,132,0.043410420417785645
TC_SND_H_4,0.6893810033798218,114,0.6572668552398682,91,0.03211414813995361
TC_SND_H_5,0.6132948398590088,163,0.6220812797546387,130,0.008786439895629883
TC_SND_H_6,0.5674071311950684,200,0.5798041224479675,170,0.01239699125289917
TC_SND_H_7,0.5298334956169128,262,0.5611846446990967,191,0.03135114908218384
TC_SND_H_8,0.5972957015037537,173,0.6632988452911377,88,0.06600314378738403
TC_SND_P_1,0.7463347911834717,71,0.6510623693466187,95,0.09527242183685303
TC_SND_P_2,0.706843376159668,95,0.6322387456893921,123,0.07460463047027588
TC_SND_P_3,0.6787145733833313,122,0.605369508266449,146,0.07334506511688232
TC_SND_P_4,0.6617785096168518,134,0.5975513458251953,155,0.0642271637916565
TC_SND_P_5,0.5626754760742188,208,0.5299991965293884,231,0.03267627954483032
TC_SND_P_6,0.5228455066680908,279,0.5377591848373413,219,0.014913678169250488
TC_SND_P_7,0.5232678651809692,276,0.4766979217529297,333,0.04656994342803955
TC_SND_P_8,0.44472044706344604,445,0.4526335299015045,392,0.007913082838058472
TC_SND_S_1,0.8236621618270874,29,0.7621028423309326,31,0.061559319496154785
TC_SND_S_2,0.5770031809806824,190,0.538620114326477,218,0.03838306665420532
TC_SND_S_3,0.5627551674842834,207,0.5282796621322632,235,0.034475505352020264
TC_SND_S_4,0.5452843308448792,231,0.5357844233512878,221,0.009499907493591309
TC_SND_S_5,0.493075966835022,338,0.5035685300827026,276,0.010492563247680664
TC_SND_S_6,0.47074294090270996,386,0.4919000566005707,295,0.021157115697860718
TC_SND_S_7,0.5031905174255371,320,0.38303011655807495,534,0.12016040086746216
TC_SND_S_8,0.4325811266899109,481,0.48628905415534973,308,0.05370792746543884
V_TRT_1,0.8734176158905029,4,0.7846167087554932,12,0.08880090713500977
V_TRT_2,0.5536118745803833,221,0.5442866086959839,212,0.009325265884399414
V_TRT_3,0.415053129196167,519,0.41400471329689026,478,0.0010484158992767334
V_TRT_4,0.3369499742984772,634,0.332008957862854,605,0.004941016435623169
V_TRT_5,0.291847825050354,655,0.18653154373168945,692,0.10531628131866455
V_TRT_6,0.1958937793970108,697,0.1394016444683075,714,0.05649213492870331
V_TRT_7,0.3440788984298706,631,0.27584487199783325,655,0.06823402643203735
WC_MN_1,0.5702942609786987,196,0.37801292538642883,544,0.1922813355922699
WC_MN_2,0.45127421617507935,427,0.6467860341072083,103,0.1955118179321289
WC_MN_3,0.5334987640380859,252,0.486975759267807,306,0.04652300477027893
WC_MN_4,0.5230842232704163,277,0.5753825902938843,177,0.05229836702346802
WC_MN_M01_0,0.5153785943984985,296,0.6192471981048584,134,0.10386860370635986
WC_MN_M01_1,0.4956434965133667,334,0.6000267267227173,153,0.10438323020935059
WC_MN_M01_9999,0.5173037648200989,287,0.34801381826400757,585,0.1692899465560913
WC_MN_M02_0,0.48335325717926025,366,0.5552408695220947,199,0.07188761234283447
WC_MN_M02_1,0.3535621166229248,620,0.6248195767402649,127,0.2712574601173401
WC_MN_M02_9999,0.5425572395324707,234,0.34140148758888245,593,0.20115575194358826
WC_MN_M03_0,0.5128873586654663,302,0.5142781734466553,265,0.0013908147811889648
WC_MN_M03_1,0.4121420979499817,527,0.6444039940834045,108,0.23226189613342285
WC_MN_M03_9999,0.5242356061935425,273,0.3235546350479126,610,0.20068097114562988
WC_MN_M04_0,0.4450652599334717,444,0.5545252561569214,200,0.10945999622344971
WC_MN_M04_1,0.25218692421913147,675,0.501841127872467,278,0.24965420365333557
WC_MN_M04_9999,0.48666393756866455,358,0.3443613052368164,589,0.14230263233184814
WC_MN_M05_0,0.46658122539520264,393,0.5612015724182129,190,0.09462034702301025
WC_MN_M05_1,0.2380409985780716,681,0.49895361065864563,280,0.26091261208057404
WC_MN_M05_9999,0.48726072907447815,353,0.31539657711982727,622,0.17186415195465088
WC_MN_M06_0,0.44073930382728577,458,0.5543167591094971,201,0.1135774552822113
WC_MN_M06_1,0.19770601391792297,696,0.4322177767753601,437,0.23451176285743713
WC_MN_M06_9999,0.4356374442577362,468,0.2860861122608185,651,0.14955133199691772
WC_MN_M07_0,0.4155659079551697,516,0.5226930379867554,249,0.1071271300315857
WC_MN_M07_1,0.23448467254638672,683,0.48377376794815063,314,0.24928909540176392
WC_MN_M07_9999,0.45763102173805237,412,0.29028356075286865,647,0.16734746098518372
WC_MN_M08_0,0.4058906137943268,535,0.49559175968170166,286,0.08970114588737488
WC_MN_M08_1,0.27218592166900635,664,0.5478525161743164,209,0.27566659450531006
WC_MN_M08_9999,0.41933977603912354,504,0.25786468386650085,667,0.16147509217262268
WC_MN_M09_0,0.32587409019470215,638,0.43211495876312256,438,0.10624086856842041
WC_MN_M09_1,0.36151623725891113,610,0.4664384722709656,360,0.10492223501205444
WC_MN_M09_9999,0.3512301445007324,622,0.1643369197845459,704,0.18689322471618652
WC_MN_M10_0,0.27975597977638245,662,0.39707809686660767,509,0.11732211709022522
WC_MN_M10_1,0.237605020403862,682,0.519209623336792,255,0.28160460293293
WC_MN_M10_9999,0.28652358055114746,660,0.14987565577030182,710,0.13664792478084564
