,Variables,Euclidean distance,Variables,Euclidean distance
0,BMI_1,0.0,BMI_0,0.0
1,O_DC_FQ_1,0.8754191994667053,O_SYMP4_0,0.5674081444740295
2,M_SAD_2,0.9440923929214478,O_SYMP5_0,0.5801485180854797
3,O_BR_SLP_2,1.0563262701034546,O_SYMP2_0,0.6044705510139465
4,AC_DAYS_1,1.0661555528640747,V_TRT_1,0.6253703832626343
5,TC_SND_H_8,1.0955314636230469,O_OCP2_9999,0.629224419593811
6,I_SB_EX_5,1.1193658113479614,AC_ACCESS_1,0.6436023116111755
7,M_SUI_CON_2,1.1288069486618042,AC_AMNT_0,0.6456893682479858
8,M_SLP_EN_5,1.1297858953475952,O_SYMP3_0,0.646384596824646
9,AC_FAGE_8,1.1430705785751343,O_OCP1_9999,0.6588754653930664
10,AC_FAGE_7,1.1612404584884644,O_SYMP1_0,0.6612035632133484
11,O_SYMP6_1,1.1661498546600342,O_OCP4_9999,0.6651796102523804
12,AC_FAGE_5,1.2140257358551025,M_SUI_PLN_1,0.6674342751502991
13,AC_FAGE_4,1.2528080940246582,AC_DRUNK_0,0.6702545285224915
14,M_STR_1,1.2634841203689575,TC_DAGE_9999,0.6719649434089661
15,I_SB_BK_5,1.283477783203125,TC_HTP_MN_0,0.6757534742355347
16,M_SUI_PLN_2,1.3021538257598877,I_SCH_ED1_9999,0.6845607757568359
17,O_BR_FQ_7,1.3145947456359863,O_SCL_1,0.6878871917724609
18,O_BR_FQ_6,1.3230992555618286,TC_HTP_LT_1,0.6893095970153809
19,AC_LT_2,1.323253870010376,M_SAD_1,0.7009433507919312
20,TC_SND_H_7,1.363023042678833,M_SUI_ATT_1,0.7025850415229797
21,AC_FAGE_3,1.3732857704162598,PR_OH_3,0.703452467918396
22,PA_SWK_N_9,1.3806697130203247,O_DC_FQ_2,0.7151239514350891
23,TC_SND_P_6,1.3847147226333618,O_OCP3_9999,0.7191138863563538
24,F_CAFFEINE_6,1.4178146123886108,I_SCH_TRT_1,0.7339443564414978
25,WC_MN_2,1.4372789859771729,M_SUI_CON_1,0.7341152429580688
26,O_BR_SLP_3,1.4601209163665771,I_SCH_ED2_2,0.7384887933731079
27,PA_SWK_N_8,1.4720948934555054,O_BR_S_4,0.7387123107910156
28,PA_SWK_N_10,1.4811692237854004,O_SYMP1_1_0,0.7436330914497375
29,M_SUI_ATT_2,1.4819782972335815,TC_SND_S_1,0.7486709356307983
30,TC_SND_S_6,1.4857815504074097,TC_EC_LT_1,0.7552604079246521
31,AC_FAGE_12,1.4876737594604492,TC_SND_H_1,0.7569418549537659
32,AC_FAGE_13,1.4929027557373047,PR_OH_2,0.7587181329727173
33,WC_MN_4,1.5047528743743896,TC_ACCESS_1,0.7594577074050903
34,WC_MN_M03_1,1.5059785842895508,O_SLNT_1,0.7605348825454712
35,AC_FAGE_2,1.5110020637512207,HW_S_R_2,0.7616974115371704
36,AC_DAYS_3,1.517227053642273,O_BR_SLP_1,0.7674641013145447
37,WC_MN_M01_0,1.5179805755615234,O_BR_FQ_3,0.7771260738372803
38,O_BR_FQ_1,1.5260322093963623,TC_EC_MN_0,0.7851581573486328
39,AC_DAYS_2,1.5269845724105835,O_BR_S_3,0.7873288989067078
40,WC_MN_M01_1,1.5290318727493286,O_SYMP2_1,0.7941668033599854
41,PA_SWK_N_6,1.5381839275360107,TC_LT_1,0.7944522500038147
42,AS_DG_LT_2,1.5386178493499756,S_CONT_M_9999,0.7991576194763184
43,AC_AMNT_1,1.5455971956253052,O_DC_FQ_3,0.8056793808937073
44,WC_MN_M02_1,1.5464088916778564,TC_AMNT_0,0.8066862225532532
45,TC_SND_S_8,1.552594780921936,M_SLP_EN_3,0.8133738040924072
46,F_CAFFEINE_5,1.563981056213379,O_BR_FQ_4,0.8180747032165527
47,AC_AMNT_2,1.5731698274612427,O_BR_S_2,0.8231337666511536
48,AC_DAYS_4,1.5769946575164795,DR_LT_0,0.8308243155479431
49,PA_SWK_S_10,1.581451177597046,M_SLP_EN_2,0.8411161303520203
50,PA_PE_FQ_2,1.5821419954299927,I_SB_FR_2,0.8504666090011597
51,PA_SWK_N_12,1.5988866090774536,HW_S_R_3,0.8517342209815979
52,AC_AMNT_3,1.613097906112671,AS_DG_LT_1,0.8609449863433838
53,PA_ST_1,1.627253532409668,S_SI_1,0.8651196956634521
54,WC_MN_M02_0,1.6314774751663208,O_BR_S_1,0.8652100563049316
55,TC_LT_2,1.6347771883010864,I_SCH_TRT_2,0.867708146572113
56,TC_GHW_H_1,1.637385606765747,TC_DAYS_0,0.8691869378089905
57,PA_SWD_S_14,1.6481237411499023,DR_EXP_1,0.8727354407310486
58,AC_DRUNK_1,1.6649936437606812,I_SB_EX_3,0.8815301060676575
59,WC_MN_M04_0,1.6738834381103516,HW_S_R_1,0.8828026056289673
60,PA_SWD_N_7,1.68366539478302,I_SB_EX_2,0.8855717778205872
61,AS_DG_YR_1,1.6933624744415283,O_SCL_2,0.8968479633331299
62,TC_DAYS_2,1.6954166889190674,O_SLNT_2,0.9007633924484253
63,PA_PE_FQ_1,1.7099497318267822,M_SLP_EN_4,0.9031467437744141
64,WC_MN_M05_0,1.711751937866211,S_CONT_9999,0.9075310826301575
65,INT_WD_MM_4,1.7375625371932983,O_OCP2_2,0.9081934094429016
66,INT_WK_MM_6,1.7522509098052979,I_SB_EX_1,0.9087772369384766
67,AGE_18,1.7542437314987183,I_SB_FR_3,0.9230947494506836
68,INT_WD_MM_5,1.7561928033828735,F_CS_F06_9999,0.9292359352111816
69,PR_HT_5,1.7682663202285767,O_OCP5_5,0.9410113096237183
70,TC_AMNT_1,1.789172649383545,S_EDU_2,0.9418163299560547
71,WC_MN_M06_0,1.7900081872940063,O_OCP4_4,0.943185031414032
72,TC_GHW_QT_1,1.7968910932540894,TC_SND_P_1,0.944101095199585
73,PA_TOT_2,1.7996028661727905,O_DC_FQ_4,0.9491705894470215
74,INT_WK_MM_8,1.8001331090927124,I_SB_EX_4,0.950796902179718
75,PA_SWK_S_11,1.8024078607559204,TC_QT_YR_9999,0.964430570602417
76,AC_DRUNK_2,1.813409686088562,F_CS_F09_9999,0.9783874154090881
77,E_SES_4,1.8277817964553833,HW_S_R_7,0.9858962893486023
78,E_SES_5,1.8313957452774048,I_SCH_ED3_3,0.9894422292709351
79,E_BORN_F_10,1.842812180519104,O_DC_FQ_5,0.9914838075637817
80,INT_WK_MM_7,1.846832275390625,PA_TRA_MM_0,0.9943451881408691
81,AS_DG_YR_2,1.8515782356262207,O_SYMP6_0,0.9954156875610352
82,F_MILK_1,1.8913471698760986,PR_OH_4,0.997954249382019
83,INT_WK_MM_9,1.897215723991394,O_BR_FQ_10,0.9983710646629333
84,WC_MN_M08_1,1.9019209146499634,O_SYMP4_1,1.00355064868927
85,AGE_17,1.909546136856079,F_CS_F08_9999,1.0055843591690063
86,INT_WK_MM_10,1.9223542213439941,I_SCH_ED2_9999,1.006486415863037
87,AGE_16,1.9249826669692993,O_OCP1_1,1.0141735076904297
88,WC_MN_M07_0,1.9316335916519165,HW_EDU_1,1.0208653211593628
89,TC_DAGE_2,1.9425400495529175,O_BR_FQ_5,1.0231330394744873
90,SleepAvg_WK_4,1.946239948272705,I_SB_FR_1,1.0372580289840698
91,E_EDU_F_1,1.948182225227356,F_CS_F05_9999,1.0407525300979614
92,E_S_RCRD_4,1.9555854797363281,TC_SND_H_4,1.0408762693405151
93,A_FM_1,1.9573105573654175,M_SLP_EN_1,1.045129656791687
94,WC_MN_M05_1,1.9677413702011108,E_RES_1,1.0505117177963257
95,WC_MN_M09_1,1.969718337059021,AC_LT_1,1.0509681701660156
96,WC_MN_M04_1,1.9744431972503662,HW_SPML_H_2,1.0556377172470093
97,PR_HT_4,2.029268503189087,TC_SND_P_2,1.060077428817749
98,RH_DG_LT_2,2.037116765975952,I_SB_FR_4,1.0602530241012573
99,E_FM_SF_2_9999,2.0500409603118896,O_OCP3_3,1.0645225048065186
100,WC_MN_M07_1,2.0856833457946777,M_STR_3,1.0654362440109253
101,WC_MN_M10_1,2.101574420928955,F_CS_F01_9999,1.0658628940582275
102,E_FM_SF_2_2,2.1025876998901367,HW_S_R_9,1.0669927597045898
103,E_FM_SM_4_9999,2.118171453475952,HW_S_R_8,1.0677690505981445
104,E_FM_F_1_1,2.1227309703826904,HW_S_R_5,1.067819356918335
105,F_SODA_1,2.1335015296936035,F_CS_F11_9999,1.0687084197998047
106,E_BORN_F_8,2.1370224952697754,I_SB_BK_3,1.069092869758606
107,E_FM_GF_5_5,2.141627073287964,F_CS_F02_9999,1.070344090461731
108,WC_MN_M08_0,2.1424975395202637,PA_TRA_MM_1,1.0762107372283936
109,E_EDU_M_1,2.145460844039917,O_EDU_1,1.0769901275634766
110,TC_GHW_H_4,2.1595821380615234,TC_SND_P_4,1.0868507623672485
111,E_LT_M_2,2.163299798965454,TC_FAGE_14,1.0916486978530884
112,E_FM_GM_6_6,2.169795513153076,I_SB_BK_4,1.0947773456573486
113,E_FM_OBS_7_7,2.205564022064209,TC_SND_H_2,1.0962014198303223
114,E_FM_M_3_3,2.2199785709381104,O_OCP5_9999,1.0971219539642334
115,F_FRUIT_1,2.2264957427978516,O_BR_FQ_2,1.0978986024856567
116,E_FM_OBS_7_9999,2.2295026779174805,M_STR_2,1.0992194414138794
117,WC_MN_M06_1,2.231198310852051,F_CS_F10_9999,1.0992240905761719
118,E_FM_YBS_8_8,2.2338593006134033,TC_SND_P_3,1.099478840827942
119,E_LT_F_2,2.2429916858673096,HW_EDU_2,1.1035199165344238
120,E_FM_F_1_9999,2.2521440982818604,M_STR_4,1.108106255531311
121,PR_HT_3,2.2535767555236816,HW_SPRM_S_2,1.1176352500915527
122,E_FM_SM_4_4,2.262808084487915,TC_SND_H_3,1.1186412572860718
123,E_FM_NO_9_9999,2.294952154159546,HW_SPML_H_3,1.1215760707855225
124,SleepAvg_WK_5,2.296849250793457,HW_SPRM_H_1,1.1248396635055542
125,E_FM_YBS_8_9999,2.301729679107666,PA_TRA_MM_2,1.1261361837387085
126,F_BR_1,2.3123250007629395,PR_OH_1,1.1306273937225342
127,E_LT_SF_1,2.3188633918762207,O_SYMP3_1,1.1314374208450317
128,E_FM_GF_5_9999,2.3292109966278076,AC_FAGE_14,1.1315945386886597
129,E_FM_M_3_9999,2.396979570388794,AS_DG_YR_0,1.1463812589645386
130,E_LT_SF_2,2.4269063472747803,HW_SPRM_S_1,1.1493897438049316
131,TC_GHW_QT_4,2.5058531761169434,F_CS_F03_9999,1.1500041484832764
132,E_LT_F_9999,2.514819622039795,O_EDU_2,1.166260004043579
133,WC_MN_M09_0,2.5196754932403564,TC_SND_H_5,1.1792670488357544
134,E_KRN_F_2,2.533646821975708,PA_TRA_MM_3,1.1977871656417847
135,E_LT_F_1,2.563297748565674,F_CS_F06_6,1.1981451511383057
136,E_BORN_M_3,2.5745763778686523,AC_FAGE_1,1.2080641984939575
137,E_KRN_M_2,2.644244432449341,AC_DAYS_0,1.2084399461746216
138,E_LT_M_9999,2.644270658493042,HW_SPRM_S_3,1.2131685018539429
139,E_EDU_F_9999,2.670369863510132,F_CS_F04_9999,1.2136335372924805
140,E_BORN_M_8,2.704333782196045,AC_FAGE_6,1.213973045349121
141,E_BORN_F_2,2.7489819526672363,O_SYMP1_1,1.2222236394882202
142,E_LT_SM_2,2.77461838722229,F_CS_F02_2,1.223915934562683
143,E_BORN_F_6,2.8236169815063477,I_SB_BK_2,1.232946753501892
144,E_KRN_F_9999,2.913740873336792,F_CS_F09_9,1.240317940711975
145,E_EDU_M_9999,2.9553139209747314,S_EDU_1,1.24241304397583
146,E_EDU_F_2,3.0350372791290283,M_STR_5,1.243080735206604
147,WC_MN_M10_0,3.0528249740600586,F_CS_F11_11,1.244812250137329
148,E_EDU_F_4,3.1113295555114746,F_CS_F05_5,1.2467705011367798
149,E_BORN_M_4,3.1149497032165527,F_CS_F08_8,1.250153660774231
150,E_BORN_M_2,3.1883533000946045,HW_SPRM_H_2,1.2508457899093628
151,E_KRN_M_9999,3.213073968887329,O_SYMP5_1,1.251373529434204
152,E_LT_SM_9999,3.271639108657837,PA_TRA_3,1.2579174041748047
153,E_BORN_F_1,3.3707315921783447,PA_TRA_7,1.2636233568191528
154,E_BORN_M_13,3.39837908744812,F_CS_2,1.2639025449752808
155,E_EDU_F_3,3.7247440814971924,PA_TRA_5,1.2660776376724243
156,E_EDU_M_4,3.8945295810699463,HW_SPML_H_1,1.269700050354004
157,TC_DAGE_1,4.163773536682129,O_SYMP1_1_1,1.2734626531600952
158,E_EDU_M_2,4.2154765129089355,PA_SWK_N_11,1.2779934406280518
159,E_KRN_F_1,4.320137977600098,O_BR_FQ_8,1.2786798477172852
160,E_EDU_M_3,5.318130970001221,PA_TRA_2,1.279299259185791
161,,,I_SCH_ED3_9999,1.279420018196106
162,,,TC_SND_H_6,1.2879313230514526
163,,,PA_TRA_4,1.2881956100463867
164,,,PA_ST_4,1.2893627882003784
165,,,AC_ACCESS_2,1.2911252975463867
166,,,I_SCH_ED5_9999,1.2915691137313843
167,,,PA_ST_5,1.2976547479629517
168,,,ECZ_DG_LT_1,1.3036706447601318
169,,,TC_SND_P_5,1.3043797016143799
170,,,F_CS_F03_3,1.3060057163238525
171,,,AC_FAGE_11,1.3106584548950195
172,,,V_TRT_2,1.316584825515747
173,,,F_CS_F01_1,1.3178331851959229
174,,,I_SCH_ED4_9999,1.3199151754379272
175,,,TC_SND_S_2,1.3354507684707642
176,,,F_CS_3,1.3447613716125488
177,,,AC_FAGE_10,1.3475043773651123
178,,,AC_FAGE_9,1.3528993129730225
179,,,TC_SND_S_4,1.3562865257263184
180,,,F_SODA_6,1.3584506511688232
181,,,F_CS_4,1.3617055416107178
182,,,F_CS_F10_10,1.3713289499282837
183,,,TC_SND_S_3,1.3734570741653442
184,,,TC_GHW_2,1.375993013381958
185,,,HW_S_R_6,1.3803155422210693
186,,,HW_S_R_10,1.389212965965271
187,,,I_SB_FR_5,1.3900195360183716
188,,,PA_SWD_N_6,1.407157301902771
189,,,PA_TRA_6,1.4107998609542847
190,,,O_SYMP1_1_2,1.418870449066162
191,,,I_SB_BK_1,1.4223213195800781
192,,,F_CS_6,1.4242403507232666
193,,,PA_TRA_1,1.4243656396865845
194,,,HW_SPRM_H_3,1.4246246814727783
195,,,HW_SPML_S_2,1.4293062686920166
196,,,TC_ACCESS_2,1.4351980686187744
197,,,PA_SWK_N_7,1.438341736793518
198,,,PA_WLK_MM_3,1.4444208145141602
199,,,F_FASTFOOD_6,1.4517500400543213
200,,,F_CS_5,1.4530093669891357
201,,,TC_SND_S_5,1.4567124843597412
202,,,HW_SPML_S_3,1.4580504894256592
203,,,ECZ_DG_YR_1,1.4581631422042847
204,,,PA_WLK_5,1.4612374305725098
205,,,I_SCH_ED5_5,1.4612396955490112
206,,,HW_S_R_4,1.461690902709961
207,,,PA_WLK_7,1.46829092502594
208,,,GRADE_3,1.4695522785186768
209,,,TC_SND_P_7,1.4705028533935547
210,,,I_SCH_ED4_4,1.4747200012207031
211,,,F_WAT_1,1.4822578430175781
212,,,S_CONT_4,1.48379385471344
213,,,PA_WLK_4,1.4908255338668823
214,,,HW_SPML_S_4,1.4948835372924805
215,,,INT_WK_2,1.4957305192947388
216,,,F_CS_F04_4,1.4968585968017578
217,,,O_BR_FQ_9,1.4984031915664673
218,,,PR_OH_5,1.5031574964523315
219,,,GRADE_2,1.5045026540756226
220,,,PA_WLK_3,1.509247064590454
221,,,AC_DAYS_5,1.512939453125
222,,,S_SI_2,1.5145426988601685
223,,,PA_SWD_S_6,1.5176602602005005
224,,,PA_SWD_S_5,1.529312014579773
225,,,PA_SWK_S_7,1.5299102067947388
226,,,PA_SWK_S_6,1.534256100654602
227,,,PA_SWK_S_5,1.5365029573440552
228,,,PA_SWK_S_4,1.5391299724578857
229,,,PA_SWK_S_9,1.5428439378738403
230,,,PA_SWD_S_3,1.5454058647155762
231,,,HW_SPGO_H_2,1.5478062629699707
232,,,PA_SWD_S_11,1.5502138137817383
233,,,PA_TRA_8,1.5507235527038574
234,,,PA_WLK_2,1.5577472448349
235,,,PA_ST_3,1.5637438297271729
236,,,PA_SWD_S_4,1.5638772249221802
237,,,F_CS_F07_9999,1.564846396446228
238,,,PA_WLK_MM_2,1.5661159753799438
239,,,AGE_14,1.5669586658477783
240,,,TC_SND_P_8,1.5670697689056396
241,,,PA_SWD_S_9,1.5673727989196777
242,,,TC_FAGE_6,1.5676207542419434
243,,,PA_SWD_S_13,1.5680744647979736
244,,,F_SWDRINK_6,1.5737082958221436
245,,,TC_DAYS_1,1.577702283859253
246,,,F_CAFFEINE_4,1.5788111686706543
247,,,PA_SWK_S_8,1.5803614854812622
248,,,PA_SWD_S_7,1.5846225023269653
249,,,PA_SWK_N_5,1.5916392803192139
250,,,TC_FAGE_11,1.597436547279358
251,,,PA_SWD_S_8,1.5982264280319214
252,,,PA_SWD_S_12,1.59923255443573
253,,,PA_WLK_MM_4,1.6002999544143677
254,,,E_BORN_M_7,1.6022496223449707
255,,,F_FASTFOOD_5,1.6046762466430664
256,,,WC_MN_3,1.6082323789596558
257,,,TC_FAGE_8,1.6101195812225342
258,,,AC_ACCESS_3,1.6101584434509277
259,,,PA_SWD_S_10,1.6116479635238647
260,,,WC_MN_1,1.615393042564392
261,,,PA_SWK_S_3,1.6155821084976196
262,,,PA_SWD_S_2,1.6166646480560303
263,,,HW_SPGO_H_3,1.6193652153015137
264,,,TC_SND_S_7,1.6228512525558472
265,,,TC_FAGE_7,1.6247930526733398
266,,,RH_DG_YR_1,1.625223159790039
267,,,PA_SWK_N_4,1.628951072692871
268,,,F_CS_F12_9999,1.6294721364974976
269,,,PA_WLK_6,1.629671573638916
270,,,AC_DAYS_6,1.6300086975097656
271,,,PA_PE_FQ_3,1.63164222240448
272,,,I_SCH_ED1_1,1.6316992044448853
273,,,PA_SWK_S_2,1.637445330619812
274,,,ECZ_DG_LT_2,1.6407499313354492
275,,,AGE_15,1.6438716650009155
276,,,TC_GHW_1,1.646456241607666
277,,,PA_SWK_N_3,1.6477872133255005
278,,,PA_TOT_7,1.6504926681518555
279,,,PA_MSC_5,1.6518491506576538
280,,,PA_ST_2,1.6545644998550415
281,,,PA_SWD_S_1,1.656243920326233
282,,,PA_SWD_N_5,1.6599007844924927
283,,,HW_SPML_H_4,1.6609548330307007
284,,,HW_SPGO_H_1,1.6688343286514282
285,,,PA_SWD_N_4,1.668990969657898
286,,,RH_DG_LT_1,1.6697208881378174
287,,,PA_SWK_S_1,1.6728239059448242
288,,,TC_FAGE_9,1.672905683517456
289,,,HW_SPML_S_1,1.6746459007263184
290,,,TC_FAGE_10,1.6756638288497925
291,,,E_SES_1,1.6771843433380127
292,,,PA_WLK_1,1.6773760318756104
293,,,AC_ACCESS_4,1.6779557466506958
294,,,F_FASTFOOD_4,1.6782220602035522
295,,,AGE_13,1.6892786026000977
296,,,F_SODA_5,1.6898980140686035
297,,,TC_ACCESS_3,1.6909822225570679
298,,,TC_EC_MN_1,1.6956857442855835
299,,,S_CONT_1,1.6964607238769531
300,,,WC_MN_M02_9999,1.696727991104126
301,,,PA_WLK_MM_1,1.6973087787628174
302,,,PA_SWD_N_2,1.697462558746338
303,,,PA_SWK_N_2,1.7022430896759033
304,,,AC_AMNT_4,1.7025377750396729
305,,,AC_ACCESS_5,1.7028017044067383
306,,,HW_SPRM_S_4,1.7061705589294434
307,,,WC_MN_M01_9999,1.7086411714553833
308,,,ECZ_DG_YR_2,1.7105098962783813
309,,,PA_SWD_S_0,1.7105987071990967
310,,,WC_MN_M03_0,1.7173048257827759
311,,,PA_SWD_N_3,1.7188043594360352
312,,,PA_MSC_3,1.7209813594818115
313,,,AC_AMNT_5,1.7211138010025024
314,,,PA_VIG_5,1.7214784622192383
315,,,TC_DAYS_4,1.7230216264724731
316,,,PA_SWK_N_0,1.7248860597610474
317,,,PA_SWK_N_1,1.7280164957046509
318,,,PA_MSC_4,1.7351003885269165
319,,,TC_DAYS_6,1.7365634441375732
320,,,TC_FAGE_12,1.7379916906356812
321,,,PA_TOT_5,1.7408782243728638
322,,,PA_TOT_6,1.741705298423767
323,,,F_MILK_6,1.74387526512146
324,,,TC_DAYS_3,1.745384931564331
325,,,TC_AMNT_2,1.7478526830673218
326,,,PA_VIG_4,1.7543269395828247
327,,,PA_WLK_8,1.755581021308899
328,,,PA_PE_FQ_4,1.756008505821228
329,,,PA_WLK_MM_0,1.7574050426483154
330,,,TC_EC_MN_2,1.7575310468673706
331,,,INT_WK_MM_5,1.7586023807525635
332,,,WC_MN_M03_9999,1.7608654499053955
333,,,PA_SWD_N_1,1.7644896507263184
334,,,TC_EC_LT_2,1.7646154165267944
335,,,RH_DG_YR_2,1.7687828540802002
336,,,TC_FAGE_4,1.7712016105651855
337,,,F_EDU_2,1.7732993364334106
338,,,TC_FAGE_5,1.7741005420684814
339,,,F_MILK_7,1.7743080854415894
340,,,F_WAT_4,1.7784857749938965
341,,,S_CONT_M_2,1.780362606048584
342,,,F_SODA_7,1.782214879989624
343,,,F_WAT_3,1.782224416732788
344,,,TC_DAYS_5,1.7870970964431763
345,,,F_EDU_1,1.789850115776062
346,,,INT_WD_2,1.7898545265197754
347,,,INT_WK_MM_4,1.7919257879257202
348,,,PA_TOT_3,1.792314052581787
349,,,TC_QT_YR_1,1.792565941810608
350,,,PA_TOT_4,1.7935538291931152
351,,,PA_MSC_2,1.7936617136001587
352,,,TC_GHW_H_2,1.7959389686584473
353,,,PA_VIG_3,1.7964940071105957
354,,,PA_SWD_N_0,1.7982772588729858
355,,,F_WAT_2,1.8078707456588745
356,,,INT_WK_MM_1,1.8088653087615967
357,,,S_CONT_2,1.8103493452072144
358,,,F_CAFFEINE_3,1.8110054731369019
359,,,INT_WD_MM_3,1.8110069036483765
360,,,SleepAvg_WK_3,1.8122169971466064
361,,,INT_WD_MM_1,1.815261960029602
362,,,PA_SWK_S_0,1.822323203086853
363,,,TC_GHW_H_3,1.8276475667953491
364,,,V_TRT_3,1.8311940431594849
365,,,TC_FAGE_1,1.8338230848312378
366,,,E_RES_4,1.8386741876602173
367,,,TC_EC_MN_3,1.8398442268371582
368,,,TC_EC_MN_5,1.8404781818389893
369,,,F_WAT_5,1.8405042886734009
370,,,INT_WK_MM_3,1.841445803642273
371,,,E_S_RCRD_1,1.8417555093765259
372,,,GRADE_5,1.847808837890625
373,,,TC_AMNT_3,1.8516842126846313
374,,,F_CS_F07_7,1.8528159856796265
375,,,SleepAvg_WK_13,1.8551666736602783
376,,,INT_WK_MM_2,1.8608253002166748
377,,,E_BORN_F_11,1.8613349199295044
378,,,TC_GHW_QT_3,1.8617193698883057
379,,,WC_MN_M04_9999,1.8640071153640747
380,,,TC_HTP_MN_1,1.8640241622924805
381,,,E_SES_2,1.8682351112365723
382,,,F_SWDRINK_7,1.8683886528015137
383,,,F_MILK_4,1.8685564994812012
384,,,AGE_12,1.8701694011688232
385,,,INT_WD_MM_2,1.8707432746887207
386,,,PA_VIG_2,1.8721755743026733
387,,,DR_LT_1,1.8722097873687744
388,,,S_CONT_M_5,1.873153567314148
389,,,TC_HTP_LT_2,1.8778417110443115
390,,,E_S_RCRD_5,1.878986120223999
391,,,SleepAvg_WK_12,1.882741093635559
392,,,TC_EC_MN_7,1.8835535049438477
393,,,TC_HTP_MN_2,1.8871941566467285
394,,,F_VEG_1,1.8896223306655884
395,,,TC_DAYS_7,1.8916164636611938
396,,,RH_DG_YR_9999,1.9016002416610718
397,,,F_MILK_5,1.9052650928497314
398,,,TC_ACCESS_4,1.9059118032455444
399,,,PA_TOT_1,1.9069956541061401
400,,,WC_MN_M05_9999,1.912065029144287
401,,,TC_FAGE_13,1.9179400205612183
402,,,F_CS_7,1.9190773963928223
403,,,F_FASTFOOD_1,1.9198883771896362
404,,,F_FASTFOOD_3,1.924320936203003
405,,,F_CAFFEINE_2,1.925189733505249
406,,,E_SES_3,1.9269839525222778
407,,,F_MILK_3,1.9320663213729858
408,,,F_SWDRINK_5,1.932978868484497
409,,,TC_EC_MN_4,1.9343791007995605
410,,,E_RES_2,1.9372212886810303
411,,,TC_DAGE_11,1.9389548301696777
412,,,S_CONT_3,1.9406085014343262
413,,,INT_WD_1,1.9411193132400513
414,,,HW_SPGO_H_4,1.9428422451019287
415,,,DR_EXP_2,1.9429084062576294
416,,,F_FRUIT_6,1.9435421228408813
417,,,ECZ_DG_YR_9999,1.9445724487304688
418,,,F_MILK_2,1.9448813199996948
419,,,F_FRUIT_7,1.945084571838379
420,,,F_VEG_5,1.9473992586135864
421,,,TC_GHW_QT_2,1.9497522115707397
422,,,TC_AMNT_4,1.9505478143692017
423,,,HW_SPRM_H_4,1.950838327407837
424,,,TC_HTP_MN_3,1.9528868198394775
425,,,F_CAFFEINE_1,1.954453706741333
426,,,PA_MSC_6,1.95521080493927
427,,,E_RES_3,1.956455111503601
428,,,TC_ACCESS_5,1.95781672000885
429,,,E_S_RCRD_2,1.9584131240844727
430,,,F_SODA_4,1.9669166803359985
431,,,PA_MSC_1,1.9716509580612183
432,,,F_CS_F12_12,1.976581335067749
433,,,TC_DAGE_10,1.9766721725463867
434,,,E_S_RCRD_3,1.9776697158813477
435,,,F_FASTFOOD_2,1.980893850326538
436,,,F_VEG_4,1.9865877628326416
437,,,TC_DAGE_9,1.9948172569274902
438,,,S_CONT_M_3,1.9953958988189697
439,,,TC_QT_YR_2,1.9964529275894165
440,,,F_SWDRINK_4,2.004154682159424
441,,,F_VEG_6,2.0095913410186768
442,,,F_CAFFEINE_7,2.0102994441986084
443,,,E_BORN_F_3,2.0135655403137207
444,,,SleepAvg_WK_19,2.016007423400879
445,,,PA_TOT_8,2.026608943939209
446,,,SleepAvg_WK_18,2.027017593383789
447,,,F_VEG_3,2.033442258834839
448,,,TC_AMNT_6,2.0352065563201904
449,,,F_SWDRINK_1,2.037992238998413
450,,,PA_VIG_6,2.0391132831573486
451,,,PA_VIG_1,2.041883707046509
452,,,TC_FAGE_3,2.04233717918396
453,,,F_VEG_2,2.0423507690429688
454,,,TC_AMNT_5,2.0433061122894287
455,,,SleepAvg_WK_2,2.0464799404144287
456,,,TC_HTP_MN_7,2.0534474849700928
457,,,TC_DAGE_12,2.0579452514648438
458,,,TC_HTP_MN_5,2.0757298469543457
459,,,F_BR_4,2.077697992324829
460,,,WC_MN_M06_9999,2.0809459686279297
461,,,TC_DAGE_8,2.082443952560425
462,,,TC_HTP_MN_4,2.0854110717773438
463,,,F_SWDRINK_3,2.0876898765563965
464,,,TC_EC_MN_6,2.098484754562378
465,,,F_SWDRINK_2,2.105022430419922
466,,,AC_DRUNK_3,2.1078052520751953
467,,,F_BR_2,2.1083786487579346
468,,,V_TRT_7,2.10963773727417
469,,,F_VEG_7,2.1118147373199463
470,,,F_BR_5,2.1172194480895996
471,,,PR_HT_2,2.1172335147857666
472,,,F_FASTFOOD_7,2.1274003982543945
473,,,GRADE_4,2.1359703540802
474,,,AC_DAYS_7,2.139207124710083
475,,,F_BR_7,2.1414883136749268
476,,,SleepAvg_WK_11,2.146918296813965
477,,,GRADE_6,2.1490280628204346
478,,,GRADE_1,2.151832103729248
479,,,F_SODA_2,2.154775381088257
480,,,F_SODA_3,2.1558053493499756
481,,,INT_WK_1,2.1611127853393555
482,,,WC_MN_M07_9999,2.1640546321868896
483,,,V_TRT_4,2.164316177368164
484,,,F_BR_3,2.1741139888763428
485,,,F_FRUIT_4,2.1744601726531982
486,,,PR_HT_1,2.1762242317199707
487,,,E_BORN_M_10,2.17753005027771
488,,,F_FRUIT_5,2.2169277667999268
489,,,E_RES_5,2.2196359634399414
490,,,F_BR_6,2.220156669616699
491,,,INT_WD_MM_0,2.235703706741333
492,,,E_FM_F_1_8888,2.2598941326141357
493,,,V_TRT_5,2.2669012546539307
494,,,S_CONT_M_1,2.2699904441833496
495,,,SleepAvg_WK_14,2.27012300491333
496,,,F_FRUIT_3,2.277817964553833
497,,,TC_DAGE_3,2.295285224914551
498,,,F_FRUIT_2,2.3205108642578125
499,,,E_FM_GM_6_9999,2.350435495376587
500,,,E_BORN_M_12,2.3622024059295654
501,,,E_FM_SF_2_8888,2.382222890853882
502,,,A_FM_2,2.4055352210998535
503,,,SleepAvg_WK_17,2.413081645965576
504,,,WC_MN_M08_9999,2.4173877239227295
505,,,E_FM_M_3_8888,2.423970937728882
506,,,SleepAvg_WK_15,2.4275505542755127
507,,,TC_GHW_H_9999,2.4452102184295654
508,,,SleepAvg_WK_20,2.4538838863372803
509,,,E_FM_SM_4_8888,2.4564061164855957
510,,,SleepAvg_WK_16,2.4602110385894775
511,,,F_BR_8,2.487640380859375
512,,,TC_DAGE_13,2.5063111782073975
513,,,E_FM_GF_5_8888,2.518200635910034
514,,,F_CS_1,2.5201475620269775
515,,,TC_FAGE_2,2.5217764377593994
516,,,E_LT_SM_1,2.5313189029693604
517,,,SleepAvg_WK_6,2.533254623413086
518,,,AC_DRUNK_4,2.5370864868164062
519,,,TC_HTP_MN_6,2.5619564056396484
520,,,S_CONT_M_6,2.5673630237579346
521,,,SleepAvg_WK_10,2.6240017414093018
522,,,SleepAvg_WK_1,2.624582052230835
523,,,E_FM_GM_6_8888,2.6286444664001465
524,,,E_LT_SF_9999,2.6769299507141113
525,,,V_TRT_6,2.7140421867370605
526,,,E_BORN_M_11,2.7312490940093994
527,,,E_FM_OBS_7_8888,2.7540338039398193
528,,,E_BORN_M_6,2.77057147026062
529,,,TC_DAGE_6,2.7899584770202637
530,,,TC_DAGE_4,2.807680130004883
531,,,SleepAvg_WK_0,2.83137583732605
532,,,E_FM_YBS_8_8888,2.866373062133789
533,,,E_BORN_M_5,2.8957183361053467
534,,,E_BORN_M_1,2.925189971923828
535,,,WC_MN_M09_9999,2.959177017211914
536,,,TC_DAGE_7,2.995858907699585
537,,,SleepAvg_WK_8,3.045017957687378
538,,,E_LT_M_1,3.0482654571533203
539,,,E_FM_NO_9_8888,3.080115795135498
540,,,E_BORN_M_9,3.0813112258911133
541,,,S_CONT_M_4,3.086984634399414
542,,,TC_GHW_QT_9999,3.091132402420044
543,,,SleepAvg_WK_9,3.1160616874694824
544,,,INT_WK_MM_0,3.1232218742370605
545,,,TC_DAGE_5,3.2575290203094482
546,,,E_FM_NO_9_9,3.3277318477630615
547,,,E_LT_F_8888,3.339616537094116
548,,,E_BORN_F_13,3.443432331085205
549,,,WC_MN_M10_9999,3.612246036529541
550,,,E_LT_SF_8888,3.64192795753479
551,,,DR_LT_2,3.722714900970459
552,,,E_LT_M_8888,3.9562478065490723
553,,,DR_LT_3,4.21600341796875
554,,,E_LT_SM_8888,4.545904159545898
555,,,E_BORN_F_9999,4.811456680297852
556,,,E_EDU_F_8888,5.1970601081848145
557,,,E_KRN_F_8888,6.123013973236084
558,,,E_KRN_M_1,6.426862716674805
559,,,E_BORN_F_8888,7.081711769104004
560,,,E_BORN_M_9999,8.227445602416992
561,,,E_EDU_M_8888,8.546662330627441
562,,,SleepAvg_WK_7,9.62097454071045
563,,,E_KRN_M_8888,10.809184074401855
564,,,E_BORN_M_8888,14.66479778289795
